#{"t_start": 1733529223.051278, "env_id": "BipedalWalker-v3"}
r,l,t
-104.860452,1600,51.334256
-99.974115,1600,51.700022
-105.3744,1600,52.07434
-105.081479,1600,52.448771
-104.90454,1600,52.832729
-98.494321,67,105.73116
-97.688576,67,105.748051
-98.456788,67,105.764957
-97.862975,67,105.782005
-98.449543,67,105.798081
-108.870007,64,165.318945
-108.559063,64,165.336745
-108.449585,64,165.354423
-108.348486,63,165.371751
-108.290693,63,165.38936
-113.428403,76,237.938753
-121.6493,97,237.96587
-109.816153,60,237.983092
-108.76647,67,238.004003
-110.392391,64,238.024893
-61.206409,1600,307.833679
-59.497325,1600,308.25504
-56.549029,1600,308.678224
-60.647044,1600,309.113171
-57.065233,1600,309.534892
-39.499184,1600,381.85402
-38.7838,1600,382.388749
-47.019105,1600,382.918121
-38.65528,1600,383.447523
-40.75535,1600,383.955123
-93.445625,1600,465.148184
-91.636784,1600,465.680464
-134.568992,133,465.729185
-89.245353,1600,466.351426
-122.535191,96,466.385148
-68.811421,1600,543.560036
-66.758911,1600,544.02637
-83.629266,165,544.074909
-65.349889,1600,544.542064
-73.78476,1600,545.011025
-101.853416,123,626.304639
-98.517464,103,626.336231
-101.85314,115,626.371195
-40.667451,1600,626.85303
-101.806266,137,626.89421
-101.444142,108,715.212078
-3.860371,1600,715.709995
-102.870791,149,715.759793
-27.958832,1600,716.282234
-50.18427,1600,716.805983
-65.59378,1600,811.499107
-18.026956,1600,812.01117
-73.203177,1600,812.564545
-40.975661,1600,813.109798
-73.716205,1600,813.604432
-48.033242,1600,907.172323
-62.732374,1600,907.660877
-76.043059,1600,908.179636
-69.927901,1600,908.807632
-77.893151,1600,909.344386
-33.755713,1600,1004.03123
-42.745428,1600,1004.606641
-35.758703,1600,1005.194209
-33.184224,1600,1005.783836
19.590607,1600,1006.399673
-96.248851,268,1106.339207
-87.054167,169,1106.39533
-92.941396,183,1106.452605
-88.676435,175,1106.510409
-95.506038,195,1106.578081
-50.905496,1600,1222.107132
-77.644376,193,1222.174527
-53.7622,1600,1222.731186
-28.250619,1600,1223.300981
-53.860286,1600,1223.838158
-101.884994,78,1319.38894
-101.947927,82,1319.415904
-102.387608,80,1319.442683
-96.019308,91,1319.472355
-102.271696,80,1319.499861
-22.112295,1600,1413.648762
175.567267,1600,1414.152911
-21.112983,1600,1414.632518
10.564174,1600,1415.109191
173.284643,1600,1415.574769
-88.479916,1600,1507.064999
-108.503399,299,1507.17016
-100.920335,188,1507.234017
-76.409358,1600,1507.81759
-105.046079,270,1507.906588
20.577668,1600,1596.429988
-35.94524,1600,1597.067567
-8.525925,1600,1597.638861
43.190898,1600,1598.155542
-19.158983,1600,1598.649249
9.687816,1600,1687.509301
-110.12645,192,1687.56906
-91.14494,316,1687.665926
-71.931072,1600,1688.162679
-16.588822,1600,1688.749294
45.654952,1600,1780.982542
8.753248,1600,1781.454053
53.380781,1600,1781.925305
-76.139638,181,1781.979784
75.733346,1600,1782.51327
248.545821,1600,1870.531421
258.803835,1600,1871.121207
247.751376,1600,1871.693312
254.566258,1600,1872.272563
243.732827,1600,1872.842174
34.564774,1138,1957.827851
278.578746,1600,1958.300761
251.138033,1600,1958.776821
68.83299,1197,1959.136006
262.051634,1600,1959.61584
273.748572,1578,2386.060874
276.023852,1544,2389.288823
278.865616,1560,2392.083238
263.730976,1600,2395.013201
274.266341,1600,2397.899981
278.862945,1585,2953.723027
281.213616,1558,2956.40769
275.043145,1600,2959.165584
270.143414,1600,2962.021584
276.43293,1600,2965.075645
235.858758,1600,3403.265309
240.7831,1600,3403.673939
247.776509,1600,3404.083075
244.910151,1600,3404.50705
235.92356,1600,3404.919905
223.498717,1600,3475.341639
274.316392,1555,3475.703807
271.9732,1543,3476.078198
274.775041,1542,3476.468792
275.885663,1470,3476.840141
283.267942,1451,3553.121197
283.765614,1468,3553.514573
283.160178,1458,3553.900736
285.228467,1444,3554.281046
275.908693,1521,3554.709966
288.097498,1339,3629.225446
286.130396,1352,3629.567667
285.657069,1394,3629.919154
283.713821,1379,3630.266241
286.072517,1359,3630.608967
285.58006,1299,3701.961634
287.034409,1330,3702.307936
195.973647,1600,3702.725593
281.000746,1421,3703.085496
283.874927,1377,3703.431085
291.425644,1240,3780.823357
286.859882,1265,3781.158752
288.145138,1204,3781.477496
-74.052448,180,3781.525942
286.358941,1263,3781.860123
3.74644,459,3851.214128
284.568317,1313,3851.553858
285.390539,1258,3851.878371
288.215759,1207,3852.189527
-140.006992,198,3852.242254
292.449727,1249,3927.963174
290.820686,1259,3928.312424
290.66995,1287,3928.749223
290.804291,1298,3929.156526
290.999027,1267,3929.514196
289.495272,1292,4004.855074
291.981625,1211,4005.180686
289.020151,1288,4005.525199
289.399302,1229,4005.854965
290.702194,1289,4006.200388
294.898736,1231,4081.411036
293.196932,1235,4081.751966
295.034771,1206,4082.07771
294.816883,1222,4082.415786
295.356057,1201,4082.740546
290.10542,1282,4163.57604
287.798321,1329,4163.991677
291.113123,1253,4164.347467
288.39741,1291,4164.707253
290.91387,1242,4165.067389
298.8105,1123,4248.121335
298.090025,1129,4248.47746
298.432193,1116,4248.816938
297.810644,1135,4249.264461
297.209333,1113,4249.593644
289.925691,1264,4328.534155
293.386278,1201,4328.861236
295.437686,1210,4329.188735
296.470652,1192,4329.513453
292.538267,1219,4329.850766
-123.468625,145,4424.151241
-121.801833,125,4424.202539
286.150383,1384,4424.69614
289.848492,1301,4425.116938
287.361337,1352,4425.524797
292.453597,1219,4511.630178
289.41148,1225,4511.98363
293.091955,1214,4512.333628
288.783327,1268,4512.69038
288.814006,1224,4513.074008
294.8986,1179,4590.69442
292.176014,1200,4591.018095
294.290867,1161,4591.332193
296.852465,1165,4591.650841
295.096938,1171,4591.983088
293.179555,1192,4668.53822
295.55635,1167,4668.853478
104.856582,1600,4669.414372
296.192447,1148,4669.744212
294.049789,1212,4670.08523
297.364569,1098,4746.930152
296.694136,1130,4747.242945
298.03069,1146,4747.56017
296.420772,1134,4747.877296
296.379736,1147,4748.194191
299.289715,1145,4825.096239
299.221057,1144,4825.419019
299.136877,1146,4825.742578
297.552826,1124,4826.061375
301.032404,1130,4826.374702
295.134206,1204,4904.151845
297.650068,1160,4904.474892
295.390129,1173,4904.803249
294.90985,1173,4905.133158
295.278024,1162,4905.458345
303.217681,1178,4982.978638
302.352004,1202,4983.30343
302.315588,1205,4983.620005
301.489128,1144,4983.920373
300.13641,1161,4984.217205
300.820306,1218,5061.528459
298.927168,1224,5061.876037
300.496513,1192,5062.251205
300.537224,1207,5062.59766
300.351291,1206,5062.939375
303.758789,1124,5140.46944
306.344816,1114,5140.785485
303.402052,1138,5141.11161
307.002247,1113,5141.425615
306.267185,1096,5141.733472
301.689539,1128,5220.033136
303.705053,1145,5220.359764
303.858477,1114,5220.675115
303.031593,1165,5221.005841
302.455006,1109,5221.320275
304.031612,1119,5299.28549
300.60195,1150,5299.690552
299.778068,1176,5300.044102
-97.448428,104,5300.078144
-81.892337,140,5300.121334
299.60342,1146,5378.616404
299.430591,1163,5378.947818
298.931438,1149,5379.274789
296.526557,1155,5379.601513
298.859514,1173,5379.93583
300.398638,1141,5460.92332
294.847411,1216,5461.340423
300.024074,1145,5461.723037
293.988157,1171,5462.122019
286.795291,1313,5462.598872
305.534933,1103,5548.994571
304.465208,1117,5549.341082
305.136162,1148,5549.698971
304.015359,1113,5550.049562
303.405546,1157,5550.400181
305.377305,1116,5630.511716
301.530344,1101,5630.837773
304.214528,1102,5631.162591
304.041214,1135,5631.496519
304.64566,1110,5631.823067
299.92861,1079,5715.337634
298.649233,1085,5715.723868
298.212466,1076,5716.099327
301.391407,1099,5716.46978
297.54729,1097,5716.888849
302.236268,1092,5801.058462
302.056147,1079,5801.367577
304.596867,1073,5801.67317
302.369658,1142,5802.006966
302.151567,1092,5802.337519
303.954966,1051,5880.309887
303.162283,1068,5880.630277
304.0609,1049,5880.931358
305.500196,1055,5881.233961
304.118652,1062,5881.540173
302.709576,1081,5975.387065
300.347755,1119,5975.795511
300.624353,1076,5976.151495
301.823882,1090,5976.503188
301.598854,1063,5976.844725
-136.611511,220,6083.550659
-132.199571,143,6083.605417
-135.214786,143,6083.661123
-134.392385,150,6083.717632
-142.472127,166,6083.789536
299.135384,1047,6176.112554
297.308909,1070,6176.461699
300.570255,1043,6176.786471
300.595078,1076,6177.12317
300.008244,1063,6177.524653
302.687022,1092,6263.733447
303.516251,1077,6264.1358
301.711549,1133,6264.496636
300.429591,1051,6264.81581
304.492612,1089,6265.14698
301.023047,1079,6349.940439
299.33727,1070,6350.344455
301.706591,1053,6350.675434
299.816647,1107,6351.102943
299.901833,1071,6351.453262
304.107435,1028,6432.217676
304.8403,1022,6432.515583
302.13043,1068,6432.833738
302.549516,1079,6433.154628
304.764322,1072,6433.466737
299.027237,1071,6519.048962
302.562372,1081,6519.401422
302.134861,1043,6519.736403
298.869232,1046,6520.076769
298.685732,1090,6520.440049
301.646612,1052,6610.344721
300.679323,1088,6610.682639
300.362893,1065,6611.017572
300.981978,1086,6611.383264
301.606334,1080,6611.712905
301.839313,1112,6696.933417
305.013675,1053,6697.285383
304.97622,1065,6697.620925
303.641047,1079,6698.005856
302.330087,1073,6698.363666
304.848515,1085,6791.36787
301.745948,1061,6791.842537
304.27224,1075,6792.222913
303.093581,1079,6792.635609
300.796286,1105,6793.032137
304.176758,1107,6889.392839
300.752694,1094,6889.728388
300.05461,1098,6890.061963
299.880579,1104,6890.395099
302.281886,1082,6890.720356
300.577729,1112,6974.413911
303.542142,1077,6974.844232
302.528903,1081,6975.232659
304.050838,1090,6975.667383
301.686621,1099,6976.076667
308.201698,1078,7066.975338
303.749881,1104,7067.390007
305.08332,1082,7067.754149
305.839924,1085,7068.107058
306.071096,1081,7068.462566
302.194625,1085,7153.189314
305.143898,1095,7153.796336
302.989955,1083,7154.186754
304.979308,1088,7154.539199
303.855914,1098,7154.898361
301.113927,1056,7244.040885
300.474011,1029,7244.353801
301.69464,1072,7244.677885
299.718139,1063,7244.999441
301.239119,1070,7245.327147
294.295272,1219,7326.108674
304.363183,1070,7326.439771
306.416084,1046,7327.048448
306.176674,1055,7327.389536
302.846445,1082,7327.724686
301.127084,1052,7412.909721
302.661219,1070,7413.244822
300.702449,1088,7413.595716
305.009591,1040,7413.93459
300.433357,1072,7414.282601
305.23724,1066,7498.194569
306.367372,1041,7498.514145
304.913645,1087,7498.853188
304.800346,1069,7499.190303
304.526712,1063,7499.52609
307.688663,1118,7583.127708
305.199256,1115,7583.508363
306.142526,1114,7583.861027
307.940361,1081,7584.193481
307.824707,1114,7584.536436
305.843212,1073,7667.84081
306.003833,1058,7668.187281
306.925074,1045,7668.634722
306.666046,1066,7669.096285
307.210484,1026,7669.450024
305.576883,1055,7753.358228
303.866933,1080,7753.678358
303.985472,1050,7753.997648
303.002382,1065,7754.31536
304.053303,1077,7754.631165
302.084388,1096,7831.574635
303.298567,1053,7831.874525
301.512459,1078,7832.16516
302.346831,1053,7832.450442
302.073356,1061,7832.747729
305.082418,1048,7909.688297
304.176362,1021,7909.988531
306.451302,1048,7910.294903
305.187526,1047,7910.601636
307.317017,1044,7910.904145
304.369558,1076,7987.536249
306.963924,1066,7987.848092
303.432817,1074,7988.160007
71.507271,671,7988.355336
307.546826,1048,7988.658273
306.046194,1071,8077.668959
307.513804,1061,8078.043948
305.106311,1059,8078.401911
309.413438,1034,8078.737815
48.585261,590,8078.928708
303.212635,1002,8165.24947
303.4378,1035,8165.591406
303.489072,1018,8165.916368
301.403293,1002,8166.229037
301.828652,1030,8166.549748
85.790365,673,8253.780116
305.142336,1041,8254.086913
305.351978,1071,8254.403492
304.397602,1064,8254.719086
306.75582,1038,8255.022705
311.908625,1033,8344.102748
309.829051,1030,8344.448493
311.012736,1017,8344.764667
309.926668,1033,8345.118611
309.484477,1038,8345.435566
110.719086,734,8426.863714
308.596413,1048,8427.169568
307.675974,1060,8427.476369
306.508339,1025,8427.772598
308.114857,1010,8428.06594
309.511824,1017,8518.488046
305.365982,1040,8518.824222
310.206244,1036,8519.150111
305.13007,1103,8519.491717
308.725085,1036,8519.813484
305.396669,1014,8615.429643
305.159273,1028,8615.762835
140.664566,862,8616.048616
303.964609,1027,8616.386271
305.495996,993,8616.709459
307.764907,1091,8715.160223
308.173337,1085,8715.509495
308.107452,1085,8715.858212
307.223002,1103,8716.21077
306.933703,1067,8716.691521
309.98728,1005,8811.784963
312.785601,1006,8812.116776
313.53872,1011,8812.449921
307.255886,1027,8812.784671
309.522461,1019,8813.116692
303.31629,1009,8902.821778
306.484549,988,8903.154825
305.219532,1014,8903.554385
306.231621,1005,8903.910781
302.685239,1049,8904.297258
305.931724,1043,8994.621317
304.320527,1019,8994.93591
305.938528,1015,8995.321242
305.12487,1034,8995.646216
306.654299,1044,8995.968046
306.804769,998,9089.835733
307.634303,1007,9090.189416
306.360197,1023,9090.512666
305.363441,992,9091.047651
302.98248,998,9091.397745
307.209288,992,9187.142818
309.433445,957,9187.500474
307.441035,994,9187.829446
305.393019,990,9188.152378
305.336512,1010,9188.477139
304.933531,966,9285.028606
301.219028,1014,9285.35369
304.904958,966,9285.662744
304.487597,984,9285.980927
305.295917,991,9286.344659
309.568883,1110,9386.89088
309.641716,1090,9387.228719
309.720599,1100,9387.565785
310.187492,1052,9387.886272
308.443096,1087,9388.215524
308.375671,1000,9474.92564
305.262606,985,9475.298587
307.099483,1003,9475.620048
306.777127,994,9475.923641
308.82945,1004,9476.247079
307.739606,1022,9578.227628
311.050433,1009,9578.545021
309.898016,1013,9578.887959
306.405009,1061,9579.232959
305.724404,1008,9579.567597
306.397748,1002,9669.743525
304.924129,985,9670.061672
308.293319,992,9670.367457
307.719731,998,9670.683504
307.462623,995,9671.240351
304.346919,1020,9761.28182
308.519019,1020,9761.630173
306.941935,1025,9761.973561
308.156453,1028,9762.31271
306.536305,1019,9762.643275
309.112787,1015,9850.754768
308.775434,1002,9851.096618
310.801521,1020,9851.456742
310.567282,1018,9851.799876
100.137734,690,9852.026324
305.70033,969,9945.967711
307.903917,960,9946.288862
308.773673,958,9946.602132
308.237753,983,9946.925256
309.398188,971,9947.24711
307.616556,1006,10039.402101
308.054151,1005,10039.723583
309.216209,1006,10040.044818
310.323596,993,10040.36133
309.902158,1023,10040.683497
306.173168,1018,10134.174578
313.145632,998,10134.513822
110.960928,710,10134.763996
314.514221,996,10135.14264
312.534159,1001,10135.647626
307.242464,1001,10229.461176
309.5527,992,10229.77984
306.461841,984,10230.094645
308.489415,998,10230.415122
307.246829,1001,10230.742201
309.029752,990,10324.724945
309.719214,1004,10325.062526
308.827236,984,10325.42184
308.564011,983,10325.8222
309.922069,993,10326.180037
305.039255,1034,10413.864686
302.791181,1027,10414.21462
302.995542,1019,10414.586844
306.024368,999,10414.92175
305.619349,1008,10415.311351
311.21993,972,10504.187209
311.327802,964,10504.483853
309.822077,967,10504.801776
178.129342,884,10505.088972
310.585748,959,10505.40816
309.36049,965,10590.395775
307.14991,980,10590.699569
309.013256,979,10591.003783
307.302323,983,10591.310631
308.738228,984,10591.613158
308.61434,918,10685.74675
308.612965,943,10686.058129
308.388385,931,10686.362401
308.616508,950,10686.738834
308.015569,943,10687.092393
310.560029,1010,10778.595181
309.508435,993,10779.090528
310.568544,1001,10779.44145
310.411872,987,10779.770091
310.511808,1020,10780.105489
308.832137,1026,10867.369513
309.956402,1013,10867.667495
309.350107,1025,10867.967708
310.415963,1022,10868.267147
311.644751,1030,10868.573556
311.375458,968,10958.840573
311.034683,970,10959.151039
309.636561,963,10959.473948
309.012107,977,10959.793693
307.952176,974,10960.111227
311.51667,983,11046.001305
312.398559,990,11046.311984
309.010021,987,11046.617676
310.037393,993,11046.925411
309.441006,983,11047.227518
315.483286,992,11138.009928
314.977062,979,11138.307785
315.35377,985,11138.60659
314.312438,984,11138.910756
314.911758,972,11139.206022
308.319749,937,11232.093898
306.613792,929,11232.44865
307.252842,945,11232.789169
305.523382,941,11233.13391
306.603239,928,11233.469
313.913402,988,11341.881409
313.17524,986,11342.220238
313.525368,990,11342.560714
312.246183,997,11342.90455
313.619898,1007,11343.293148
-34.182267,617,11439.237819
152.654416,1600,11439.792483
-63.4833,230,11439.870614
-56.167254,334,11439.982428
-47.913996,572,11440.172581
298.91992,1254,11527.400976
292.911669,1249,11527.783662
297.3993,1221,11528.161577
292.254527,1335,11528.572879
299.770863,1223,11528.944379
309.425898,1063,11614.084122
308.753048,1085,11614.516
309.890848,1049,11614.906439
307.318625,1081,11615.284004
306.875341,1083,11615.640786
-110.66677,1600,11704.96986
-109.256978,1600,11705.456693
-91.021364,1600,11705.946092
-111.933717,1600,11706.468611
-118.395697,1600,11706.96869
293.46555,1166,11793.254783
292.813466,1150,11793.610459
294.565117,1145,11793.965816
293.814322,1160,11794.325352
291.304372,1150,11794.682832
313.415924,1048,11885.785618
313.133405,1037,11886.16532
312.625953,1071,11886.711575
312.710041,1047,11887.084054
311.786066,1048,11887.452063
310.237839,1004,11979.270895
312.559909,999,11979.610386
311.259435,1011,11980.127565
311.691535,1014,11980.490414
310.358621,988,11980.82106
312.917657,953,12069.989359
6.56052,364,12070.113623
312.22439,933,12070.419527
312.367096,979,12070.742932
316.252874,979,12071.060819
309.474264,990,12162.290654
308.812867,1005,12162.643224
307.566322,930,12162.951058
309.02826,989,12163.280616
136.770861,773,12163.533147
316.954951,927,12260.907841
316.576673,914,12261.192678
316.831804,941,12261.484672
315.585859,931,12261.781296
313.399649,925,12262.07775
314.435655,918,12350.817673
314.710143,916,12351.12965
3.407668,336,12351.248561
314.928099,899,12351.543692
312.607709,921,12351.846186
313.292032,896,12444.163762
313.528656,912,12444.457868
312.540042,899,12444.971764
311.826153,913,12445.294995
311.213016,904,12445.592252
314.809518,935,12534.891971
314.218559,946,12535.202823
314.164236,941,12535.508654
316.835676,935,12535.812389
315.438987,928,12536.113918
310.511603,937,12627.751394
312.524829,944,12628.085231
311.261562,932,12628.404472
310.31751,929,12628.707484
309.776916,945,12629.014114
309.291569,953,12717.25309
310.725571,915,12717.55586
310.541297,914,12717.923308
310.504418,950,12718.232756
311.80546,929,12718.530338
314.4068,972,12802.199699
316.150322,971,12802.514985
315.251584,968,12802.829609
314.969406,975,12803.151433
314.637449,982,12803.469431
315.133599,940,12887.961026
311.138592,934,12888.262524
313.505618,933,12888.562447
313.015106,944,12888.857591
313.118654,931,12889.221068
313.125395,941,12974.941325
313.721616,946,12975.239851
313.555662,943,12975.535889
312.522179,961,12975.838626
311.259132,943,12976.132786
311.235511,941,13062.853779
309.94979,938,13063.149989
311.349876,933,13063.445124
312.104935,945,13063.73458
310.791391,944,13064.026783
313.113712,921,13150.855468
312.030732,920,13151.250941
309.746216,946,13151.565743
311.669948,943,13151.877239
313.651405,928,13152.177197
310.386176,912,13232.258715
311.744212,924,13232.538532
312.400687,915,13232.813557
311.235045,919,13233.089596
309.245081,940,13233.372431
312.647922,905,13309.946389
311.878081,908,13310.238792
311.619365,916,13310.51583
313.492468,905,13310.788856
313.125898,906,13311.06531
310.147008,916,13388.530511
308.095389,929,13388.822742
310.297181,904,13389.106575
309.109528,940,13389.4102
309.816569,920,13389.690465
311.358723,926,13466.814768
310.107371,929,13467.111851
311.549212,935,13467.396396
311.022706,937,13467.681801
311.405174,935,13467.971314
313.073335,860,13544.741547
311.886636,888,13545.009747
311.238148,910,13545.284475
311.300071,897,13545.554123
312.799779,879,13545.819963
311.496515,913,13623.142872
313.731828,938,13623.425506
312.17433,921,13623.710103
312.94485,882,13623.983249
312.087213,916,13624.276516
312.549333,877,13701.326759
312.526725,903,13701.614155
314.579853,894,13701.896399
315.294028,876,13702.174139
312.078217,910,13702.462775
318.7488,919,13781.055677
318.677582,918,13781.337348
319.472961,931,13781.62129
318.499979,909,13781.898886
49.553793,473,13782.043511
315.555467,876,13867.380768
315.474471,862,13867.648236
314.847534,849,13867.910777
316.014736,885,13868.185591
315.244043,861,13868.45087
311.34184,902,13956.570383
310.485978,896,13956.859062
311.721942,885,13957.148487
312.10293,885,13957.432275
311.473259,879,13957.714956
312.463957,913,14044.025782
312.076898,900,14044.306563
312.399038,917,14044.587814
312.462466,939,14044.877362
313.378678,913,14045.156771
314.218792,916,14128.98457
316.46586,909,14129.268217
315.158521,920,14129.555995
315.456295,918,14129.844908
315.636415,921,14130.128624
312.929949,912,14215.352155
316.632849,949,14215.64163
316.601421,954,14215.929782
315.674772,923,14216.213275
317.410935,932,14216.495314
312.746574,922,14300.423175
313.039115,927,14300.709828
312.840221,916,14300.990669
312.38343,932,14301.277631
309.7389,929,14301.85768
312.237744,899,14386.571531
312.72186,890,14386.84213
313.086663,897,14387.112155
314.209512,870,14387.376647
312.211603,884,14387.643657
315.158218,931,14473.109079
316.877237,893,14473.405822
315.238575,913,14473.688484
316.677641,898,14473.960514
315.75587,914,14474.241663
314.174326,896,14558.948779
313.485701,893,14559.232324
314.866088,882,14559.513178
315.151262,881,14559.786444
314.460644,889,14560.059215
315.699918,886,14644.9985
314.242027,897,14645.277612
315.869365,894,14645.554618
314.26102,890,14645.829516
315.528703,887,14646.105356
317.339414,934,14730.544057
316.120914,928,14730.827323
318.17248,897,14731.100155
317.629326,927,14731.381479
316.091756,903,14731.654005
318.760578,970,14815.771485
319.240031,945,14816.061347
318.889869,963,14816.354973
317.2769,971,14816.656347
319.29097,949,14816.945902
320.336996,894,14901.812223
320.872993,899,14902.084677
319.625439,885,14902.353048
319.599426,902,14902.625899
320.296414,893,14902.8961
318.146931,878,14986.941457
320.513234,880,14987.213535
320.939248,876,14987.481133
316.792702,910,14987.758863
318.35606,885,14988.039944
318.066182,896,15072.65969
319.099436,929,15072.946799
318.982049,933,15073.237479
319.189048,945,15073.527862
319.948132,919,15073.810717
317.197004,916,15158.829032
313.899479,931,15159.121146
317.18832,906,15159.406384
319.493152,885,15159.681178
317.239022,903,15159.958537
319.636453,909,15243.600298
319.725814,919,15243.878722
320.65189,908,15244.153089
318.984997,911,15244.428873
320.142922,920,15244.710466
321.141519,872,15329.132101
320.120722,888,15329.414621
-54.886743,198,15329.475884
320.294358,877,15329.741358
317.288437,906,15330.017848
322.77812,889,15414.06021
320.964446,898,15414.333624
-89.495421,89,15414.36241
319.66038,904,15414.637358
-91.314435,87,15414.667405
321.222538,896,15499.193526
319.751118,917,15499.471455
321.904822,885,15499.740137
319.68886,900,15500.012878
319.000701,891,15500.28297
318.267527,863,15584.11491
317.260382,895,15584.386893
315.456312,893,15584.657293
315.910149,922,15584.936926
317.08063,893,15585.232617
319.003784,872,15668.65833
318.97829,870,15668.920877
318.77149,886,15669.188888
317.414671,901,15669.458016
318.68917,882,15669.720817
319.911037,884,15752.554646
320.670052,891,15752.826456
318.311362,921,15753.103697
320.512914,894,15753.375604
318.568855,919,15753.653738
-104.918655,49,15836.041142
-105.456496,54,15836.05979
-104.738167,53,15836.0781
-104.944131,49,15836.09475
-104.026113,51,15836.111719
317.443177,875,15919.227413
319.739441,881,15919.49403
317.881807,882,15919.762349
318.359797,879,15920.028621
171.555027,779,15920.26288
320.838921,900,16003.105986
98.117676,586,16003.28322
321.940943,867,16003.545236
320.893533,885,16003.817233
322.207594,865,16004.077776
318.491908,876,16088.221609
318.600223,883,16088.497796
318.570442,872,16088.769511
316.304056,914,16089.052637
316.572536,932,16089.340521
317.225766,866,16173.447299
318.464559,879,16173.709629
318.298203,877,16173.970629
318.965406,860,16174.231196
316.03871,898,16174.514968
315.447807,867,16257.989957
314.71783,868,16258.256589
314.379992,877,16258.524137
311.562843,912,16258.801173
315.7242,871,16259.069074
316.74805,876,16343.71118
317.194207,852,16343.969621
317.381878,864,16344.240079
317.214481,866,16344.501353
318.637524,868,16344.76478
316.20884,842,16430.095439
317.983429,880,16430.362754
316.875265,882,16430.629381
317.499828,882,16430.896522
317.282811,868,16431.158211
318.337827,858,16515.516049
319.052073,875,16515.78221
317.280111,855,16516.039189
318.511646,890,16516.308171
317.524702,869,16516.572633
317.56044,876,16601.283584
317.72175,881,16601.549376
317.260316,850,16601.804027
317.629102,874,16602.065099
317.500214,857,16602.32169
318.518139,893,16685.823254
319.5905,882,16686.089476
318.872691,901,16686.360897
318.342692,895,16686.629674
317.198228,902,16686.899831
316.989711,942,16771.401585
315.477836,963,16771.678945
315.7393,933,16771.946901
313.087634,978,16772.226374
317.515028,929,16772.487963
317.919033,835,16856.404871
318.436647,844,16856.657105
320.154966,848,16856.91213
318.43615,850,16857.164733
317.812889,862,16857.420219
320.788969,864,16940.822949
319.403255,852,16941.079408
319.499265,847,16941.332579
319.433571,874,16941.593036
321.50699,852,16941.84696
321.375422,839,17025.00046
-19.012117,1600,17025.479232
320.279335,863,17025.738541
322.710204,847,17025.992894
-89.637328,89,17026.020933
317.970626,884,17108.68328
319.566763,855,17108.935314
318.72215,845,17109.188253
317.781079,849,17109.43936
318.700568,819,17109.679236
320.801025,851,17198.480704
320.339052,866,17198.747848
316.119815,883,17199.019544
316.111517,922,17199.312368
319.572722,862,17199.579477
316.583939,835,17288.315359
317.776604,852,17288.617722
318.246535,830,17288.914511
317.802723,845,17289.213687
316.683588,828,17289.502303
320.302518,827,17387.757376
320.365952,824,17388.02826
317.996334,836,17388.293259
320.443985,831,17388.553541
319.768912,835,17388.814382
319.00673,817,17477.029535
318.323617,851,17477.312069
318.876904,855,17477.596985
319.982598,842,17477.869694
320.715478,820,17478.148714
-100.120801,87,17568.288748
-100.244983,88,17568.321882
-100.12018,87,17568.354967
-102.728136,124,17568.402527
-100.322992,82,17568.433547
320.307729,887,17657.355726
321.08554,850,17657.666791
321.89627,856,17657.951165
320.325339,881,17658.254131
320.919039,855,17658.549233
319.347544,849,17746.644412
321.93666,841,17746.893442
321.913498,832,17747.139168
320.557152,846,17747.387142
320.246152,846,17747.634405
321.095469,861,17826.278838
321.557968,843,17826.511411
321.045963,843,17826.751429
320.971535,863,17826.999301
321.410256,851,17827.241554
323.198889,874,17905.99568
324.26129,870,17906.245988
322.204679,878,17906.502839
323.481936,866,17906.758343
323.610602,872,17907.043199
317.188753,862,17989.907768
316.454165,848,17990.1759
317.364505,842,17990.434735
315.894408,868,17990.709591
317.759882,823,17990.96575
323.125614,859,18076.771243
323.113383,852,18077.065631
323.197903,849,18077.3407
321.813293,866,18077.621111
321.731207,840,18077.908363
321.59176,886,18170.389888
320.658918,899,18170.855148
320.659057,871,18171.170778
320.951868,901,18171.479943
322.080198,877,18171.785521
321.029215,864,18268.794567
319.996876,858,18269.072625
317.303402,903,18269.452094
319.426962,855,18269.749328
318.275127,926,18270.133094
322.455309,848,18361.634957
320.690418,848,18361.918683
321.90276,867,18362.22557
323.088694,853,18362.526402
321.233166,849,18362.808067
62
306.264797,1049,8868.281034
307.283728,1049,8877.894369
307.497953,1004,8886.364507
302.742095,1023,8894.593199
303.104225,999,8906.522864
305.478017,1019,8916.204382
304.495404,1006,8924.888117
304.252975,1007,8934.185549
305.336046,1031,8943.096141
307.14017,1044,8952.097019
308.04738,1020,8962.615475
302.730662,1094,8972.558857
305.478592,1053,8981.643265
304.635165,1034,8990.355041
304.926078,1023,9000.51835
307.271844,1035,9009.408713
303.44125,1012,9018.072977
305.454603,998,9026.751402
305.600583,1024,9036.143561
307.349117,1037,9045.987624
305.819145,1039,9056.288674
304.172996,1065,9066.60023
302.815025,1083,9077.378296
306.456183,1041,9088.2077
306.668128,1022,9101.315671
305.985831,1045,9111.411389
305.59342,1012,9121.927985
306.791303,1014,9131.95518
301.92673,1035,9141.066821
306.108357,1007,9150.491888
306.330279,1025,9159.965766
305.01058,1021,9168.82011
307.298015,1017,9177.882514
306.999052,997,9189.082444
305.223319,978,9198.505971
305.972618,1025,9208.444366
306.462359,999,9218.653805
302.274572,1011,9227.692398
304.674051,975,9236.916219
305.077418,1047,9246.81929
306.246973,1010,9257.378323
307.741872,1019,9266.781657
305.294989,1023,9276.597744
305.632437,991,9287.849143
305.489228,1009,9298.242563
307.672583,1012,9308.996787
305.081533,1018,9318.85726
302.876685,1018,9330.03791
305.361714,1013,9340.633998
306.41678,1010,9351.528712
307.572479,1011,9362.325827
308.210544,1024,9371.56022
304.668531,1058,9380.631698
304.158235,1032,9391.053413
307.04939,1037,9400.292788
306.353071,1011,9408.645552
307.69283,989,9417.104619
308.388084,1009,9425.318122
306.552432,1006,9433.40935
306.007291,1009,9441.512096
300.962608,992,9450.387749
303.970615,1012,9460.326795
306.870783,1035,9469.720005
307.067923,1032,9480.508958
304.624505,1010,9494.995226
305.225426,1009,9506.794205
308.918872,1000,9516.90218
306.734712,1017,9527.655947
306.811325,1006,9537.001128
307.27166,986,9546.179015
304.497092,1035,9555.58101
65.048125,592,9561.431376
305.655422,1007,9570.141964
307.444406,979,9580.774501
305.716368,1024,9590.641562
307.420132,1002,9600.556334
306.52547,1002,9609.57017
306.914785,1005,9619.298528
-12.222404,336,9622.035557
305.376454,1014,9630.941713
306.666675,989,9638.844725
304.374873,1049,9647.557734
305.273491,1021,9656.702445
305.603427,985,9665.238811
307.523582,1030,9676.536496
307.097493,994,9685.760698
306.629588,1022,9694.428635
306.031794,1039,9703.195985
306.668385,1009,9713.617952
306.850013,1021,9723.042638
307.720872,991,9731.946897
304.917565,1055,9740.861597
305.724222,1032,9749.74098
307.83759,1026,9758.778773
307.91478,1016,9769.706543
306.515015,1026,9779.379172
307.396221,1034,9788.755491
309.052945,1028,9797.371229
307.306308,1034,9805.885224
310.151339,990,9814.285803
308.283711,1006,9822.953194
308.192983,1000,9831.665337
306.547818,1030,9840.976274
307.270595,1013,9849.899798
306.014437,1009,9860.659765
310.602876,1005,9870.07473
309.960989,1013,9880.168444
310.294481,997,9890.815082
308.421571,1008,9899.793064
309.437064,989,9909.071621
308.504445,1024,9919.264125
307.410023,1003,9927.847456
307.040306,1018,9936.922978
309.194664,981,9945.524593
310.607626,989,9956.487819
310.131536,1027,9965.123498
309.642297,1015,9975.392348
308.667008,1040,9986.242472
307.964686,1010,9995.603246
308.401679,1010,10004.461598
308.51675,975,10013.404314
306.737624,1019,10023.212487
305.925493,1033,10031.499848
308.279674,1012,10041.674091
308.572839,998,10049.922968
307.290994,1018,10058.190508
308.704405,1014,10066.283972
306.9353,1002,10074.591235
308.613674,1000,10083.564428
308.698506,1023,10096.112356
307.424472,983,10105.118503
306.192816,997,10114.581181
307.007566,974,10125.064452
307.460789,997,10136.927969
307.264848,977,10146.578317
308.755806,1002,10155.93606
307.197319,1046,10168.428354
304.888337,1006,10177.462935
310.171605,1004,10185.96078
308.391714,1010,10194.854768
308.313741,1005,10203.610735
305.525912,1025,10212.651245
309.616106,983,10221.749911
307.25224,1016,10232.547091
308.836968,972,10240.650456
51.974772,526,10245.679073
307.665297,1001,10255.181738
310.752528,1000,10264.297801
310.076749,984,10273.589878
307.371167,993,10285.365856
308.145857,967,10294.586558
307.052648,992,10303.292338
307.820611,1033,10312.261036
309.76311,1012,10321.602421
306.154457,978,10331.891125
307.117099,1015,10340.888471
309.012765,994,10350.493964
308.798088,998,10359.002907
308.863522,986,10367.621132
307.548674,1008,10376.188567
309.313602,991,10384.338146
309.6183,971,10392.534348
307.654538,1020,10401.556241
308.374549,1003,10410.179921
307.392689,998,10421.54899
310.60275,1006,10431.128975
308.949103,976,10440.031489
308.641628,1009,10448.993244
309.09781,988,10456.94825
306.83927,1029,10467.462256
309.445662,997,10475.707802
308.523846,986,10483.924408
310.129378,985,10491.904674
307.951294,979,10500.402715
308.578342,979,10509.973237
307.557827,991,10518.618247
308.742491,970,10527.255378
308.655679,980,10535.54649
307.733457,966,10543.671861
307.503038,972,10551.88079
306.669912,1006,10560.596328
306.989781,971,10568.485777
309.502987,1006,10576.570604
309.209645,994,10584.846318
308.58465,965,10594.789184
308.789809,976,10603.301024
133.930512,730,10609.963402
308.48948,971,10618.823502
307.820535,976,10630.234357
308.761894,965,10639.055323
310.369327,967,10647.849503
307.493386,975,10656.741902
309.507379,960,10665.515035
306.046445,968,10675.581014
306.827429,970,10684.084259
307.255904,977,10694.846
309.571778,1031,10704.434921
311.943805,998,10714.849115
309.479473,977,10723.651545
310.300371,984,10732.958817
309.335494,967,10741.533389
307.943725,994,10750.441158
310.757394,951,10758.474206
308.097716,1004,10766.8487
306.491239,974,10775.379384
308.420727,973,10786.286585
309.672743,986,10794.425159
309.259225,976,10802.607873
309.058362,967,10810.412216
308.667092,1012,10819.114824
307.31594,984,10827.683876
308.105415,962,10835.87424
305.853167,983,10844.626346
310.534245,987,10854.134172
307.225946,972,10862.900315
308.883469,993,10873.16639
307.425842,984,10882.013758
307.148607,960,10890.822078
308.601598,964,10899.864724
310.182136,979,10908.588586
305.730802,993,10917.77909
308.868783,987,10926.194169
309.382082,998,10935.236564
307.041041,990,10944.307148
310.426567,989,10953.129589
309.239696,964,10962.665628
310.250558,960,10971.37539
92.373562,630,10976.523059
142.206861,771,10983.115604
308.583622,980,10992.243041
310.735917,975,11000.80214
309.343828,954,11008.774351
310.872127,973,11017.137996
309.587778,976,11025.094753
309.464209,996,11033.23001
310.580626,992,11041.658376
309.766748,977,11051.423247
308.353016,955,11059.284157
307.298401,925,11066.998445
308.181882,948,11075.343634
309.612387,960,11086.68331
307.349925,943,11095.175345
308.771615,962,11103.848104
-36.925453,247,11106.139005
308.45606,969,11115.058533
308.631531,980,11124.265551
311.338983,980,11132.456004
310.540334,969,11142.068886
310.353604,975,11151.134072
309.615692,971,11159.961929
309.190024,963,11168.468708
308.212735,974,11176.897182
310.243474,966,11184.685855
309.854524,966,11193.485399
308.565879,958,11202.388779
303.74383,932,11212.018084
306.882192,937,11220.922663
308.648843,932,11230.541971
305.310887,962,11243.921256
304.671016,943,11255.000577
307.590011,953,11264.825094
309.192502,963,11275.153274
311.803708,955,11286.294491
308.633359,974,11296.312804
307.005631,969,11306.368717
-43.071221,224,11308.462002
308.417578,960,11318.004807
310.295983,984,11329.432252
305.471596,977,11339.485688
307.577222,988,11350.303718
-116.794833,73,11350.940836
307.414356,966,11359.363868
308.334415,1017,11369.005383
308.854723,1014,11378.565278
305.925589,1039,11388.355993
-122.521285,58,11389.345227
-121.092997,55,11389.999661
297.953051,1166,11403.512374
68.121058,621,11409.620444
304.476028,1029,11418.421217
-91.367931,111,11419.480912
-89.704937,120,11420.573793
281.894574,1299,11433.116688
49.108974,1163,11444.365973
-63.612819,216,11446.2057
-114.736519,263,11448.688888
-120.58184,228,11451.04069
-107.808592,148,11452.307551
-128.670902,87,11453.085327
-125.993275,82,11453.824326
-123.266544,67,11454.446062
-127.195575,107,11455.412258
-124.288161,67,11456.104327
-134.000571,99,11456.982092
-122.962884,81,11457.685489
-125.616689,76,11458.366567
-119.810897,65,11458.956105
-129.728558,77,11459.64394
-126.612287,69,11460.268824
-123.677304,100,11461.154271
-124.868976,80,11461.865941
-126.108165,90,11462.641737
-122.054024,64,11463.198194
-123.632825,65,11463.771158
-126.797689,107,11464.708471
-124.582681,99,11465.562873
-119.781301,93,11466.356207
-124.228818,97,11467.191949
-127.483677,100,11468.091589
-123.932781,94,11468.906556
-127.945538,87,11469.671067
-128.986912,92,11470.474587
-128.369873,92,11471.287702
-125.497459,107,11472.205239
-123.117526,83,11472.916207
-132.909243,97,11473.747815
-127.268415,90,11474.542286
-122.0512,87,11475.292913
-125.40842,100,11476.141032
-132.651189,108,11477.056941
-126.217139,77,11477.732119
-121.994223,78,11478.403772
-123.687059,66,11478.966066
-126.535084,70,11479.550388
-125.704857,80,11480.214123
-122.268942,68,11480.780726
-131.247438,111,11481.735276
-126.186166,83,11482.462165
-123.486285,76,11483.118739
-126.862178,87,11483.891156
-125.995739,79,11484.576027
-125.089364,80,11485.304871
-124.066243,72,11485.984166
-130.38311,126,11487.17781
-120.151662,79,11487.853228
-124.156432,77,11488.509976
-123.777587,80,11489.182521
-121.425765,80,11489.86465
-127.637942,72,11490.474376
-124.486198,70,11491.095542
-131.172624,74,11491.718305
-116.148828,49,11492.132475
-119.828136,52,11492.567244
-117.779123,66,11493.126632
-118.461349,54,11493.594739
-123.138509,85,11494.315762
-127.208832,84,11495.072207
-120.398653,58,11495.568903
-125.543709,64,11496.117964
-124.271714,62,11496.640465
-126.264605,66,11497.191576
-122.182436,91,11497.968362
-121.938368,79,11498.659708
-124.908396,77,11499.310116
-138.492969,97,11500.120451
-130.082702,125,11501.168153
-125.377537,107,11502.058598
-120.509376,79,11502.71672
-125.102734,95,11503.514585
-122.056082,97,11504.348619
-84.205017,267,11506.643734
13.115877,797,11513.580615
292.624649,1278,11524.221531
294.029236,1224,11536.230604
304.761019,1079,11544.989827
8.466727,422,11548.456172
305.948632,1097,11557.371933
305.901125,1132,11566.534544
303.025096,1151,11575.84849
305.896074,1088,11584.974647
304.528825,1041,11595.225259
303.267725,1024,11604.177491
305.111388,1048,11613.531502
304.906658,1067,11624.648554
310.847094,1041,11634.256774
-102.654668,1600,11648.860222
-117.05655,54,11649.334695
-97.888492,118,11650.307124
-131.883015,1600,11664.459289
-91.40078,1600,11679.654173
-78.656384,1600,11693.638175
-94.913633,1600,11709.090802
-122.852043,1600,11722.703669
-91.159806,1600,11736.829601
28.224471,1600,11750.717404
-120.239192,668,11756.29046
-83.74548,1600,11769.628654
-42.404535,1600,11783.24172
-65.163364,1600,11799.011728
296.607219,1165,11808.965666
300.263457,1090,11819.815982
302.902362,1071,11829.741494
303.689469,1077,11839.355522
305.99041,1038,11848.61725
300.464914,1111,11858.750058
307.704555,1035,11868.481247
308.524589,1026,11877.752514
310.158047,1012,11888.936835
18.110157,428,11892.773768
310.334242,993,11902.138651
157.20997,838,11910.333109
309.038062,1001,11919.965372
312.225306,1015,11928.805351
306.905939,1067,11938.126768
307.517944,1001,11947.92528
305.741839,1034,11956.922437
312.141498,1001,11965.695344
-26.615853,272,11968.217657
310.834266,1000,11977.15351
311.443126,1011,11987.740806
311.148317,974,11997.848795
311.554881,997,12006.501483
310.702745,976,12014.789662
308.662221,1049,12023.351662
309.435493,991,12031.579565
310.045029,995,12039.859118
311.733256,968,12049.127704
311.72275,981,12058.758235
310.984914,995,12067.490638
310.280627,1010,12077.156696
310.784431,997,12085.589704
313.299791,978,12093.849184
312.163152,947,12101.919204
311.146699,995,12111.087109
311.596602,958,12119.68222
311.038356,971,12128.30305
311.503739,950,12136.622074
310.017795,924,12145.70361
309.461546,970,12155.49821
304.525786,1013,12167.517715
308.674911,951,12176.646611
309.04856,930,12185.464763
310.923165,947,12195.072192
311.688739,971,12205.251087
310.958337,928,12215.32779
312.78634,954,12224.480083
312.059677,947,12234.241357
34.425217,466,12238.825237
311.726574,972,12247.446706
313.901635,947,12256.287256
313.934441,941,12265.666224
313.445674,923,12273.744593
314.015681,936,12281.894425
311.594973,943,12290.005116
311.062996,937,12298.306206
311.141956,937,12305.850834
311.324872,974,12313.820317
76.892552,560,12318.855885
312.593348,904,12327.779449
310.783082,932,12335.679258
313.806021,942,12344.878826
314.894071,932,12355.536229
312.817508,939,12364.700024
312.587355,942,12372.947782
310.783466,951,12381.694887
311.875856,952,12391.105969
313.631733,912,12399.695835
310.473181,946,12408.367572
309.515266,955,12416.813601
166.661191,815,12423.723424
311.087702,928,12431.912646
311.784769,922,12440.405031
48.051067,473,12446.104028
310.693154,929,12454.262737
309.584496,942,12462.379803
310.601118,945,12470.676262
313.203529,908,12478.252121
93.370795,590,12483.620165
313.970037,939,12492.317403
108.690236,665,12498.848264
314.42474,957,12508.617568
312.995301,932,12516.17568
311.082454,950,12523.719763
312.897516,950,12532.600969
312.049619,935,12542.12302
312.201854,930,12551.447574
312.231429,944,12559.795304
313.37852,932,12568.330671
312.506492,957,12576.770188
312.254499,933,12585.144768
312.198812,978,12593.994323
309.658278,957,12602.207044
311.451165,943,12610.777353
-16.204466,295,12613.676667
311.95321,925,12622.776642
310.946293,946,12633.221067
-17.513184,307,12635.868911
311.274378,936,12643.891027
170.270321,842,12652.19739
313.442338,936,12661.371326
311.653327,952,12669.441028
309.195123,962,12678.081241
309.149232,961,12686.074028
311.595981,949,12693.749155
-10.303801,315,12696.032002
106.126488,634,12701.707829
311.550802,978,12710.165596
311.635484,949,12719.814109
309.590573,958,12727.550818
309.917762,960,12735.432079
310.215719,945,12743.236433
310.765021,966,12751.054339
309.427908,947,12758.667452
311.118697,961,12766.191824
311.545057,967,12774.751593
313.784709,948,12782.893317
311.067178,975,12791.26105
312.416541,949,12799.135989
311.957556,968,12809.974675
311.087957,966,12818.556968
155.742972,776,12824.865238
314.077963,938,12832.743255
312.575576,941,12840.397217
314.350764,953,12848.261403
312.963799,937,12855.847554
313.406265,960,12863.635778
312.977324,943,12872.41494
314.276439,962,12880.504697
312.888507,954,12889.508663
310.764181,951,12897.281849
311.689114,966,12905.889023
313.39265,920,12913.27962
313.331642,939,12921.742372
-2.072259,338,12924.523916
312.340036,924,12932.873096
312.279646,926,12940.606101
313.726855,944,12949.157154
312.703859,952,12956.845553
312.886507,982,12965.352613
310.446488,959,12973.352714
312.35505,944,12982.542929
311.946964,961,12991.33126
170.146919,834,12999.66256
310.85861,938,13008.472731
309.980391,957,13018.210516
313.68457,970,13026.393354
313.44033,965,13034.115401
312.503119,977,13041.80587
309.938345,942,13049.287633
310.944035,973,13056.984063
309.736398,951,13066.039751
308.984379,957,13075.079785
308.19962,955,13083.798006
312.026638,914,13091.740249
311.211881,954,13099.896772
310.758569,938,13108.302979
312.846078,940,13115.562926
310.507515,966,13123.492816
312.700688,924,13131.702355
313.001155,938,13139.92525
314.077571,922,13147.473643
311.773002,927,13157.083604
310.138559,938,13165.910206
311.002354,957,13173.756501
313.333171,953,13181.393916
313.887316,922,13188.531488
313.139994,904,13195.649273
311.113013,915,13202.898437
308.754413,943,13210.334149
180.162642,842,13216.374674
308.360064,928,13223.437996
311.171562,936,13230.628973
310.157793,932,13239.104409
310.729368,956,13246.366065
-20.848761,279,13248.483458
-43.207901,242,13250.352894
311.154276,931,13257.575195
311.690825,912,13264.459762
313.935106,924,13271.508159
312.234127,924,13278.463946
311.475617,948,13285.681027
311.683317,905,13292.665109
63.564796,545,13297.165198
310.678011,911,13304.142124
312.894963,903,13312.096922
312.104664,918,13319.161927
84.272557,579,13323.682798
310.87346,905,13330.561201
-89.883249,91,13331.26911
310.498575,953,13338.655661
308.743348,964,13346.067362
308.230448,950,13353.406804
-95.026568,90,13354.08766
307.687851,947,13361.340034
-94.066848,80,13361.951853
-85.286126,104,13362.778747
-81.480918,113,13363.63801
308.409957,970,13371.180189
308.008667,930,13378.447479
309.650588,935,13385.680863
-12.122566,315,13388.076875
310.144152,930,13396.759591
310.185779,942,13403.781826
310.800771,929,13410.991602
310.38943,901,13417.894897
309.914974,915,13424.88588
310.252981,914,13432.087465
-25.500378,283,13434.258746
-5.348388,327,13436.762162
309.984797,909,13443.852799
310.150993,935,13451.000336
121.598339,676,13456.141934
308.881913,918,13463.091406
309.189459,907,13471.525313
309.240477,916,13478.58098
310.353646,891,13485.412293
148.282405,784,13491.460399
310.438698,912,13498.267533
309.431209,884,13505.107611
309.556853,918,13512.118084
135.904971,712,13517.550345
312.831462,883,13524.241629
314.140604,915,13531.405614
311.491159,905,13538.296577
311.83544,886,13546.352431
310.075152,923,13553.541736
311.427856,907,13560.550781
313.682481,902,13567.609566
314.062908,924,13574.866729
308.670051,969,13582.315131
311.712667,908,13589.39611
311.576763,907,13596.041243
310.865581,914,13602.92854
309.664298,929,13610.281434
314.190992,907,13617.258539
314.201657,923,13625.68121
311.116995,935,13632.750784
-29.085477,281,13634.879821
312.137199,890,13641.642924
311.208895,938,13648.940815
312.649679,896,13655.90278
313.810234,896,13662.766779
34.112501,435,13666.162519
311.937582,894,13673.051805
310.179005,923,13680.205157
312.454653,907,13687.160739
311.705056,931,13694.103219
312.580622,904,13702.582303
311.145229,939,13710.069483
316.450583,885,13716.907773
314.228829,892,13723.848534
316.106518,887,13730.874683
315.429282,899,13737.979764
313.429486,929,13745.112946
310.149206,928,13752.489635
311.268185,888,13759.442085
311.843498,918,13766.476408
314.423315,931,13773.749218
312.801273,899,13782.104355
313.51706,932,13789.033001
95.730239,597,13793.642831
314.120964,913,13801.53558
314.072535,906,13809.275121
314.462691,899,13816.85143
314.858118,903,13824.36415
314.199007,926,13832.209093
315.324489,902,13839.841546
314.643998,892,13848.179219
-129.921942,132,13849.457762
314.524745,913,13857.889396
304.408483,1046,13866.832928
313.192015,898,13875.833484
313.156758,901,13883.12365
312.947633,885,13890.829121
312.419346,908,13898.605242
314.220385,910,13906.348049
314.597405,904,13914.518137
311.567324,931,13923.473314
313.601188,903,13931.379771
315.383066,902,13939.394035
313.161811,891,13947.729276
310.335299,870,13955.180632
310.994554,888,13964.127277
311.912454,918,13971.951083
29.666577,429,13975.362124
314.720054,909,13983.135144
79.047598,554,13987.815624
314.706881,900,13995.298748
313.957546,933,14003.100825
312.747321,934,14011.467924
314.062696,916,14020.018927
-10.964504,304,14022.638923
310.269784,931,14030.870215
311.296638,916,14038.714933
313.906541,893,14047.649934
311.826975,938,14055.528046
314.171364,932,14063.202892
312.02315,929,14070.68702
317.068501,903,14078.233692
314.913329,910,14085.773367
313.053762,948,14093.648563
315.208698,894,14101.200926
314.910708,890,14108.692785
314.559626,913,14116.417044
312.754562,927,14124.198668
314.562926,932,14133.857273
315.418949,905,14141.62358
312.348284,934,14149.593636
313.515092,930,14157.32924
314.755668,948,14165.437222
-2.79475,351,14168.423186
314.912013,900,14175.956918
314.882812,921,14183.707947
313.933085,923,14191.572231
312.306872,923,14199.327866
315.598955,889,14206.783586
44.211689,439,14210.697833
314.45693,896,14219.743787
314.73481,922,14227.471799
314.865801,912,14235.009954
315.597405,942,14242.822253
315.419937,893,14249.907739
314.014855,933,14257.653116
310.691292,929,14265.379395
313.751388,933,14273.313204
315.820334,916,14281.061341
317.150221,918,14288.75416
315.749444,940,14296.839418
314.115346,933,14306.500391
312.561439,933,14314.515751
-100.248074,68,14315.087629
-101.874266,84,14315.797915
-100.832037,67,14316.36167
-100.051814,62,14316.896956
-101.017147,53,14317.377948
-99.940533,61,14317.946349
-99.986301,61,14318.493413
-102.742264,73,14319.109719
-103.19037,67,14319.692206
-102.011544,57,14320.172928
-100.098093,76,14320.845822
-100.927363,56,14321.319089
-99.624072,69,14321.921908
-100.870032,56,14322.39413
-102.353039,52,14322.825284
-86.491713,97,14323.648748
-96.064617,71,14324.252016
-92.067193,77,14324.893672
313.293626,929,14332.809177
315.183762,905,14340.232119
314.31741,929,14348.082368
310.572595,927,14355.834229
310.028189,908,14363.429195
311.082708,915,14371.128537
312.443238,922,14378.863982
315.888212,906,14387.843517
312.72163,911,14396.481653
312.629537,919,14404.492386
313.207914,906,14412.262196
314.1368,911,14419.98814
313.09217,884,14426.980699
312.467645,926,14434.754815
311.642882,923,14442.559742
315.483122,905,14450.161363
313.982322,914,14457.863093
314.633605,901,14465.433175
313.377005,912,14474.55737
314.686068,903,14482.125081
314.696778,885,14489.618868
-31.968755,237,14491.613494
315.277424,895,14499.167464
313.426827,932,14507.196827
313.2571,936,14514.977436
314.393988,893,14522.320196
316.554037,893,14529.822463
315.802165,890,14537.359067
120.143809,649,14542.780985
311.02824,918,14550.641908
313.694051,930,14558.637913
313.90394,897,14567.737844
313.308951,888,14575.383316
310.256056,902,14583.134435
311.488088,928,14590.973356
311.50356,920,14598.7528
314.437318,901,14606.088907
84.782622,580,14610.859953
313.945951,917,14618.56407
314.513919,901,14626.146405
314.661862,899,14633.843687
314.880139,903,14641.559021
313.890507,938,14651.44715
315.331799,919,14659.211039
314.982431,920,14666.93566
312.45015,948,14674.928368
312.941227,935,14682.796608
312.651055,921,14690.596625
314.978957,905,14697.783932
313.289586,893,14705.273175
313.781689,901,14712.77519
316.458366,907,14720.324122
316.700389,889,14727.826578
318.949397,888,14736.731514
316.940621,893,14744.258653
315.841407,878,14751.646051
317.42396,915,14759.374848
317.568321,892,14766.849253
314.341256,917,14774.572818
317.031959,891,14782.005332
318.728571,898,14789.168092
316.144677,917,14796.920153
317.807245,901,14804.518064
316.894269,896,14812.015068
317.725679,913,14821.360953
315.049656,914,14829.01167
315.620564,891,14836.596969
316.487956,883,14844.00344
315.865815,928,14851.945962
315.977252,917,14859.955111
314.913381,920,14867.729623
315.961608,919,14875.428145
316.003933,928,14883.200772
314.344265,907,14890.815613
317.140656,934,14898.639584
317.875274,902,14907.57108
316.610834,898,14915.169332
317.206443,897,14922.621518
317.214685,917,14930.326858
314.853733,923,14938.143984
317.007043,918,14945.791683
311.554952,948,14953.767535
315.97051,924,14961.530514
315.255049,888,14968.82739
318.635989,886,14976.197687
319.752076,885,14983.577836
316.9377,917,14992.71026
315.558737,907,15000.430678
314.754116,909,15008.063192
317.864445,894,15015.586246
317.597039,934,15023.48417
317.142314,908,15031.302899
316.328727,927,15039.037363
317.636765,915,15046.603913
317.424407,902,15054.273764
318.346076,902,15061.862166
318.437245,896,15069.406592
315.974518,916,15078.660666
315.41516,930,15086.654536
316.390248,921,15094.441556
317.899865,919,15102.14285
315.042276,927,15110.0433
318.333038,897,15117.66378
316.789242,908,15125.327489
319.041913,912,15133.054384
319.728122,914,15140.737606
321.926083,877,15148.05878
316.765181,884,15155.532758
319.166108,890,15164.514056
316.754404,902,15172.268254
320.633676,887,15179.884467
316.50557,894,15187.42013
316.625546,918,15195.056193
317.784824,941,15202.858805
319.213883,904,15210.486521
320.848175,904,15217.868457
320.474433,889,15225.208062
320.572122,891,15232.438993
319.077384,905,15239.786482
317.692285,931,15249.047818
318.225501,890,15256.459416
118.489672,643,15261.853036
317.782844,913,15270.018117
318.956476,905,15277.576262
318.494207,912,15285.307563
318.615662,894,15292.876466
318.296235,896,15300.505087
319.785444,875,15307.809552
319.583545,888,15315.225496
316.974995,908,15322.584963
318.389866,900,15331.132246
316.733725,901,15338.608508
317.887437,924,15346.384693
319.651658,920,15354.291578
320.852356,892,15361.860928
319.494171,877,15369.210835
320.068695,873,15376.528076
317.327658,888,15383.885465
319.642426,911,15391.616336
320.084025,868,15398.934115
317.56101,882,15406.266304
319.734516,888,15413.469226
316.615135,895,15421.864257
317.255285,873,15429.090471
315.058508,900,15436.598686
316.404712,890,15444.020239
318.174317,896,15451.583131
318.918423,894,15459.008795
315.110365,894,15466.540288
317.928538,887,15474.021021
319.817306,887,15481.783737
318.023979,905,15489.363652
317.144941,860,15496.696554
316.206377,916,15505.41979
319.867682,865,15512.711372
318.6577,896,15520.224968
316.920588,908,15527.697051
316.609861,901,15535.425043
317.591924,921,15543.25663
317.030184,874,15550.63692
317.743572,883,15558.114711
312.604553,918,15565.684813
315.873573,900,15573.295448
315.903294,921,15580.861312
318.167895,890,15589.731626
318.590504,896,15597.005977
316.709304,902,15604.691234
315.588109,910,15612.26061
317.878736,904,15619.781233
315.972084,873,15627.016124
317.394542,920,15634.74939
317.879759,896,15642.116807
316.168619,898,15649.566167
110.408751,647,15654.886371
314.35353,897,15662.394499
318.111748,911,15671.681996
317.132642,872,15678.862155
317.180072,888,15685.763523
316.527515,889,15693.204789
315.794075,874,15700.430081
316.665024,893,15707.707768
316.501053,897,15715.064708
317.896772,888,15722.44074
316.587916,897,15729.810416
317.928545,901,15737.277444
317.681054,901,15744.626435
315.193852,922,15753.695024
316.33751,919,15761.281825
315.638034,906,15768.718072
316.939618,909,15775.746063
318.216795,894,15783.319702
317.426128,921,15790.892765
317.011762,901,15798.364723
318.319762,895,15805.732626
317.32227,884,15813.089459
316.838069,897,15820.486911
316.592779,910,15827.948467
-97.143415,61,15828.451007
-100.803432,52,15828.879514
-101.039598,52,15829.332068
-98.520225,59,15829.838774
-101.548825,52,15830.280795
-96.806824,61,15830.786391
-101.286009,51,15831.208085
-101.880174,49,15831.606052
-105.423635,46,15831.984508
-105.684759,45,15832.357075
-100.395263,60,15832.857205
-101.690115,63,15833.385743
-104.284689,54,15833.84146
-101.564633,72,15834.433081
-103.621616,58,15834.947025
-103.437963,53,15835.388531
-104.029445,52,15835.816246
-104.382998,50,15836.372836
-102.471728,55,15836.837007
-103.722047,51,15837.255994
-103.173635,54,15837.766512
-101.863795,55,15838.238686
-101.331247,60,15838.733626
-103.915179,54,15839.18183
-104.339518,54,15839.634087
-102.654692,53,15840.101585
-102.056332,57,15840.577811
-91.680759,83,15841.259008
-96.942592,71,15841.837263
-86.327547,101,15842.659111
-98.337218,71,15843.282694
-97.85498,65,15843.844365
-98.758318,68,15844.40969
-92.583877,78,15845.081227
-101.291602,65,15845.620742
-98.687674,68,15846.178674
-92.833734,83,15846.854889
-98.462309,70,15847.431192
-94.466578,74,15848.046207
-97.196711,71,15848.669192
-87.098584,82,15849.341293
314.279195,920,15856.956353
317.104448,885,15863.842171
313.488294,910,15871.525506
317.689118,877,15878.750678
314.291884,906,15886.215552
317.67985,876,15893.448966
316.656202,925,15901.186967
318.430403,871,15908.453786
317.122305,868,15915.672868
313.484119,936,15924.811136
155.458073,726,15930.930093
318.779577,868,15938.12426
316.583723,859,15945.222026
315.715118,893,15952.436836
-88.447862,83,15953.005112
317.603103,869,15960.191991
316.254571,928,15967.865923
68.430917,529,15972.205233
318.056255,896,15979.567565
317.481664,901,15986.960899
318.294841,874,15994.288826
317.653188,899,16001.779161
317.365064,870,16010.320241
314.837167,912,16017.972855
315.886311,888,16025.38863
317.512792,867,16032.543947
316.172109,865,16039.700706
316.418256,872,16046.475103
316.922719,839,16053.530573
316.663741,874,16060.835382
313.387976,935,16068.720488
315.943322,884,16076.470326
315.895296,875,16084.102282
316.64751,858,16092.873591
315.99523,860,16100.363462
318.060639,895,16108.151265
319.613035,875,16115.67123
318.040938,903,16123.334889
318.845235,891,16130.779733
316.017753,864,16137.526554
316.818732,904,16145.104792
319.236031,881,16152.379319
317.657998,860,16159.467016
318.125196,874,16166.648082
-88.734471,86,16167.344539
314.380985,885,16176.08477
315.694606,903,16183.590636
315.941021,900,16191.085845
317.339936,880,16198.513182
314.375695,917,16206.152125
316.237318,909,16213.693975
317.0072,879,16220.996862
315.357323,898,16228.194783
317.110413,893,16235.649601
316.701234,906,16243.222131
316.453107,899,16250.724039
317.029353,876,16259.495989
314.904895,883,16266.885086
316.554968,862,16274.07732
316.455448,923,16282.151359
314.446164,873,16289.55582
317.314087,895,16297.028882
319.18639,862,16304.304634
318.46207,859,16311.640464
317.156838,870,16318.744417
319.083802,896,16326.280863
319.825949,862,16333.596059
316.21449,893,16341.106004
317.478577,857,16349.768579
316.935666,868,16357.178545
317.165131,852,16364.315033
318.400024,882,16371.921989
318.088665,863,16379.509393
316.913429,887,16387.01812
315.67196,896,16394.609776
317.780837,872,16401.969601
317.855689,875,16409.410396
316.781428,894,16416.902683
315.876761,880,16424.347725
316.890118,858,16432.990672
317.919217,847,16440.373243
315.892726,882,16447.765784
317.323359,871,16455.151327
188.321232,809,16461.999681
318.561013,882,16469.453185
317.44944,877,16476.817913
315.849129,905,16484.377125
314.550988,906,16492.074917
316.93331,867,16499.14091
-107.148411,79,16499.71368
315.986201,877,16507.029414
308.046669,1006,16516.742894
316.3779,883,16524.14001
315.425317,889,16531.654778
315.26574,889,16539.180782
316.10619,886,16546.691479
-115.581276,112,16547.629149
-136.917641,272,16549.990252
315.744265,872,16557.458225
307.020709,1029,16566.273821
315.711777,879,16573.734984
317.210893,876,16581.108113
317.152153,870,16588.596232
316.734942,867,16595.447048
316.500411,875,16604.160891
316.260643,884,16611.594536
317.535954,876,16618.895268
316.955388,870,16626.127253
316.926554,862,16633.264156
318.413942,865,16640.408515
318.825349,867,16647.635173
317.033763,865,16654.908758
317.36577,878,16662.290871
319.156293,849,16669.361006
317.029269,867,16676.648871
318.966894,880,16683.70944
316.970821,905,16692.657475
315.768185,895,16700.116293
316.109676,865,16707.604244
315.659532,898,16715.308772
-52.7009,198,16716.954147
313.451991,901,16724.523464
310.004116,891,16731.994418
308.883414,950,16740.005488
146.565431,1000,16748.39808
296.963367,1174,16758.240919
183.833699,981,16766.389274
312.529848,954,16775.549745
316.506037,893,16783.003391
316.061795,879,16790.397938
315.705954,846,16797.53254
166.226466,728,16803.692392
318.178118,853,16810.829226
315.678332,857,16818.072076
318.421258,864,16825.380596
314.937815,849,16832.50191
314.783863,878,16839.905011
317.181776,854,16846.949923
317.417156,872,16854.197418
315.783834,864,16862.734916
316.596276,861,16869.658588
315.248695,850,16876.671335
316.90986,876,16883.896683
62.935369,492,16888.017415
315.26002,866,16895.181581
316.162648,850,16902.487853
316.078242,878,16909.871433
317.732452,881,16917.189112
316.160745,843,16924.306536
315.982313,858,16931.324953
317.184955,885,16938.676941
317.348015,861,16947.120686
317.421883,856,16953.964357
318.777991,847,16960.905857
107.198871,595,16965.844
317.172989,859,16972.930951
316.997511,845,16979.973673
317.404104,851,16986.974618
317.562004,896,16994.309911
315.847788,856,17001.497475
319.164317,867,17008.819226
319.014625,844,17015.940566
317.844974,841,17022.952748
320.439636,854,17031.521266
317.4051,867,17038.878561
317.886964,891,17045.789448
320.589963,846,17052.816074
319.205325,866,17060.027376
313.891887,1008,17068.388418
314.570676,867,17075.468757
317.916478,848,17082.42462
318.683292,843,17089.415338
319.206733,854,17096.404458
317.911309,872,17103.565505
318.246408,861,17111.866649
319.584751,874,17118.987979
318.930028,886,17126.268757
318.824553,855,17133.397717
-85.445926,88,17134.128787
317.434959,854,17141.694231
318.904887,836,17148.744098
320.248547,848,17156.473957
319.159198,853,17165.510718
316.213006,900,17173.448308
284.253789,1516,17187.311889
318.5361,852,17195.001981
318.103772,868,17203.719204
317.506238,878,17211.262257
319.346024,839,17218.288871
-89.948776,86,17219.022303
51.482008,443,17222.773092
319.262494,868,17229.937826
-92.677366,73,17230.486812
320.447263,850,17237.804948
318.486883,853,17244.978223
318.05105,857,17253.93854
318.397126,843,17261.730572
317.259916,855,17269.668639
316.834935,830,17277.105953
316.189713,868,17284.78551
318.06953,850,17294.186369
119.634208,620,17301.940263
317.693849,839,17310.403783
319.155116,839,17318.180566
317.157579,861,17326.27803
316.454584,872,17333.970625
317.797543,850,17343.103182
317.777916,860,17351.541017
316.935434,862,17360.573312
318.238753,833,17368.975995
318.237246,849,17376.800426
318.115666,840,17384.104446
316.722116,864,17393.03655
319.565491,846,17401.623384
316.074624,834,17408.151895
319.213105,864,17415.274388
318.865287,871,17423.426743
319.042563,848,17430.96446
318.877707,830,17438.278068
318.277877,857,17445.609891
316.971676,864,17453.190159
313.746834,849,17460.086837
319.210565,849,17467.642582
317.434727,835,17475.255157
-96.312902,66,17475.814806
315.804905,824,17484.262356
319.434992,869,17491.736767
319.184707,827,17498.718814
318.281266,842,17506.275573
315.645915,858,17514.015386
318.774201,837,17521.423168
-95.414097,65,17522.289723
43.764057,432,17526.316029
-95.492884,64,17526.857803
316.806748,850,17534.842523
-100.19248,66,17535.365349
-100.514243,68,17535.874413
-101.170667,72,17536.394996
-99.954261,69,17536.938826
-101.369678,63,17537.489598
-103.629979,71,17538.070127
-100.450282,69,17538.685113
-100.923671,61,17539.465222
-101.866886,72,17540.124293
-99.675922,71,17540.713649
-100.447651,71,17541.299109
-102.99101,86,17542.04582
-101.547947,86,17542.784573
-99.918147,65,17543.34681
-99.374356,72,17544.215092
-98.737125,70,17544.800512
-97.619951,73,17545.426188
-99.434093,70,17546.027995
-97.602745,73,17546.713817
-99.750377,73,17547.385438
-98.833639,75,17548.028429
-101.158702,65,17548.70715
-98.32839,72,17549.323841
-99.152074,67,17549.870907
-97.738406,74,17550.489718
-99.341195,70,17551.153347
-100.616353,69,17552.008589
-99.342736,71,17552.605483
-99.548271,65,17553.176208
-99.538727,78,17553.845625
-97.931502,80,17554.545353
-100.698983,66,17555.127467
-99.988442,65,17555.687258
-100.399047,67,17556.219704
-99.758003,65,17556.749285
-100.549713,81,17557.620663
-160.346118,726,17564.68129
-99.785973,97,17565.705463
-121.509516,1600,17582.248326
318.234721,850,17589.799272
315.93302,866,17597.093801
318.836876,859,17604.82906
172.670667,741,17611.341094
319.990757,864,17618.518757
319.030239,870,17625.980003
-62.515597,161,17627.348246
319.025695,855,17634.458244
317.614363,874,17642.331445
316.881391,889,17649.759657
319.139092,874,17658.897931
319.012855,849,17666.888368
318.024888,874,17675.249495
319.546969,849,17683.285488
318.083665,861,17691.12091
317.492832,866,17698.277885
317.864443,855,17705.415502
316.118814,845,17712.916158
320.48558,839,17720.741652
321.88956,859,17728.640822
318.915369,857,17735.525528
318.281976,856,17741.991392
320.389864,852,17750.044548
319.513506,857,17756.806542
317.178382,866,17763.700054
318.329843,875,17770.709132
319.19965,850,17777.347182
317.99013,847,17783.94533
319.355272,850,17790.617027
322.022888,849,17797.208758
173.258491,750,17803.065707
321.053335,844,17809.622723
-54.353698,173,17810.983377
92.719935,535,17815.139554
320.201264,851,17821.967048
319.767938,858,17829.616096
319.902956,841,17836.149868
318.845926,860,17842.795549
318.138978,851,17849.485535
319.096769,833,17855.979357
100.484069,554,17860.299655
319.36718,846,17866.931044
317.810484,839,17873.64123
317.981828,872,17880.505539
316.95448,889,17887.49309
316.749076,887,17894.478222
320.565122,868,17901.34934
319.039189,856,17909.467102
317.97685,887,17916.237148
319.559292,867,17922.997832
318.501111,866,17929.78703
317.503919,865,17936.629998
318.905872,883,17943.573461
315.681065,863,17950.347543
317.2731,893,17957.473832
318.944256,849,17964.589241
317.473683,885,17973.953273
318.189215,869,17981.270776
318.703277,844,17988.391841
-7.365674,304,17992.549522
314.898678,910,18000.517098
316.92652,874,18007.46662
317.325982,856,18014.87401
315.302732,876,18022.119496
317.322211,872,18029.431748
318.027791,878,18036.544377
320.217594,869,18044.457246
319.010128,842,18051.851073
317.632858,865,18059.836431
171.884636,744,18066.150899
318.571538,858,18073.303041
319.60697,848,18081.747768
316.543239,862,18089.069285
317.654038,880,18097.425769
317.00671,864,18105.858516
316.126475,871,18114.134105
319.482043,860,18122.638485
318.352512,886,18130.61498
318.10807,869,18138.062729
319.37042,866,18145.975369
317.890437,888,18154.313479
-94.458201,85,18155.131911
317.894561,832,18162.899396
318.453649,840,18172.420234
318.155213,855,18180.485859
316.068375,859,18190.276334
315.29525,843,18198.59739
315.996891,874,18207.07059
314.804913,874,18215.164508
315.627682,899,18223.144023
315.655214,884,18231.894114
315.23434,869,18240.029368
317.632171,887,18248.521919
317.887527,841,18256.744276
318.251239,848,18264.76396
318.822141,847,18274.481193
-83.101943,102,18275.381179
318.717421,849,18283.038705
318.879085,860,18290.904578
317.436216,874,18299.949391
317.231934,870,18307.966815
315.609447,865,18315.612212
316.71602,859,18323.572922
317.527847,876,18331.087165
319.377811,849,18338.568314
318.286706,841,18345.940306
319.865797,851,18353.571489
318.112145,842,18361.239988
320.57751,849,18370.166321
318.126098,842,18377.83749
316.893828,850,18386.123616
319.21244,820,18393.055192
318.088486,823,18400.493943
318.317104,840,18408.41463
317.165255,856,18416.915924
