#{"t_start": 1733274803.39025, "env_id": "BipedalWalker-v3"}
r,l,t
-99.1667,94,5.122139
-97.297847,102,5.146984
-99.701213,66,5.163214
-97.152801,98,5.186549
-98.189393,96,5.209722
-89.981059,212,11.509138
-94.668253,235,11.574169
-93.990977,200,11.628368
-88.72032,364,11.727254
-92.190113,182,11.775333
-29.305949,1600,18.549328
-33.564531,1600,18.967556
-26.371532,1600,19.353259
-34.999438,1600,19.753879
-51.054368,1600,20.138005
-61.551559,1600,26.188949
-56.468662,1600,26.600745
-50.39093,1600,27.008941
-64.347502,1600,27.417727
-63.629482,1600,27.846877
-105.502997,1600,34.006166
-126.198786,1600,34.397117
-105.664977,1600,34.797374
-88.752176,1600,35.208525
-118.102785,1600,35.70806
-100.931576,122,41.433271
-103.355689,122,41.473102
-103.415954,193,41.529628
-95.067073,276,41.596351
-88.099029,593,41.747073
-130.691224,1600,47.800416
-106.245401,1600,48.217835
-99.368522,1600,48.617759
-103.871159,1600,49.000957
-128.811167,1600,49.410621
109.675932,1600,55.375031
106.856753,1600,55.790515
105.033247,1600,56.202682
113.921485,1600,56.61038
113.875507,1600,57.031766
-104.7967,103,62.659794
-107.482461,136,62.695227
-105.696575,164,62.73694
-100.891638,144,62.773991
-99.599872,334,62.860081
-98.86428,68,68.771339
-96.03196,83,68.795416
-98.500505,68,68.815871
-97.147214,76,68.838314
-94.26117,81,68.862013
158.20996,1600,75.111249
147.154122,1600,75.565428
156.413226,1600,76.019169
157.257317,1600,76.509033
176.667689,1600,76.983152
-121.152792,1600,83.56525
-115.175915,84,83.589544
-120.425894,1600,84.100037
-123.100221,130,84.142633
-130.551115,91,84.169925
-90.722684,1600,91.220743
-97.801207,1600,91.691925
-93.28848,1600,92.15486
-90.737369,1600,92.710142
-101.51386,1600,93.231777
-67.945336,1600,100.553702
-68.407732,1600,101.138992
-68.535897,1600,101.669871
-66.376775,1600,102.197018
-108.807035,44,102.212655
-99.641449,56,109.546549
-100.629947,91,109.578033
-100.336473,91,109.612033
-101.819158,68,109.635976
-100.180765,91,109.669416
-107.688765,35,117.184132
-107.681412,35,117.197897
-107.734476,35,117.211538
-107.716561,35,117.225035
-107.796939,35,117.23924
-70.950968,1600,125.933965
-62.481007,1600,126.643705
-81.571043,1600,127.29312
-34.553221,1600,128.052789
-70.242234,1600,128.708662
-112.245189,1600,138.794549
-109.236718,110,138.841059
-100.966383,1600,139.497852
-109.639583,1600,140.110244
-170.207335,694,140.389092
-70.062581,1600,149.238798
-76.075333,1600,149.835991
-103.662883,287,149.944256
-104.192825,249,150.037294
-59.997176,1600,150.65251
-104.307089,134,158.973739
-105.173098,130,159.030344
-108.068086,138,159.08419
-108.130276,135,159.135915
-103.830536,134,159.186133
-110.820378,48,167.304679
-110.513226,48,167.324883
-110.612545,47,167.343664
-110.616133,47,167.362066
-110.597767,47,167.380822
5.903267,1600,176.811874
8.764259,1600,177.484926
2.164611,1600,178.142351
15.732223,1600,178.795449
16.82641,1600,179.438708
50.694415,1600,188.413854
-93.674328,353,188.549793
60.014124,1600,189.193541
60.330781,1600,189.787979
38.939828,1600,190.388316
-65.213139,1600,199.776423
-64.915883,1600,200.618506
-64.951621,1600,201.304722
-64.188997,1600,201.989198
-64.974721,1600,202.652469
58.424098,1600,211.362972
51.185286,1600,211.95033
44.15794,1600,212.56734
53.473608,1600,213.387392
47.74545,1600,214.082734
-103.410504,111,223.020733
-104.422358,106,223.06443
-103.246038,114,223.109177
-101.089135,112,223.15263
-101.961793,110,223.197086
5.99952,1600,231.626969
8.900855,1600,232.195372
32.963777,1600,232.769986
20.355129,1600,233.369768
43.259664,1600,233.951366
-49.32333,927,241.720529
123.051262,1600,242.289999
-108.692566,227,242.372637
-111.773109,96,242.408083
119.601088,1600,242.95862
-49.301828,578,250.608891
-97.390293,189,250.67366
-96.326215,159,250.737053
-54.790592,713,251.017869
-101.008391,103,251.056635
-101.731049,85,259.248599
48.34261,1600,259.832397
49.321046,1600,260.442775
54.824198,1600,260.999809
41.018402,1600,261.895252
-94.883264,202,270.338949
137.680924,1600,271.048707
119.118198,1600,271.684236
124.895329,1600,272.263524
140.06895,1600,272.858502
-98.080865,1600,284.138727
-108.649746,1600,284.942145
-103.210795,1600,285.775738
-105.6926,1600,286.535731
-105.48952,1600,287.270761
-110.704633,1600,296.619021
-111.742309,1600,297.220984
-105.814962,1600,297.900012
-105.88313,1600,298.51349
-105.468705,1600,299.212506
-99.911654,1600,308.591386
-99.091375,1600,309.145403
-100.028568,1600,309.716499
-98.639612,1600,310.332525
-99.549437,1600,310.892153
-100.490491,1600,319.760923
-100.482689,1600,320.453394
-100.413924,1600,321.060142
-100.485612,1600,321.742823
-100.469558,1600,322.389695
-118.280248,1600,331.100841
-78.806632,1600,331.689869
-116.825871,1600,332.234525
-81.793222,1600,332.844423
-77.767872,1600,333.452608
-114.060053,168,341.841804
-113.529806,165,341.897367
-114.440622,165,341.952255
-113.708437,166,342.082858
-113.733441,166,342.160943
-133.001086,374,350.974917
-155.526299,367,351.120192
-120.691084,180,351.200806
-146.374823,408,351.370592
-144.850557,317,351.493492
-116.163158,102,360.954726
-117.909364,124,361.001695
-116.164743,102,361.040602
-115.74481,102,361.080229
-117.95013,125,361.12491
-141.085498,1600,370.497227
-151.539626,1600,371.156208
-157.484991,1600,371.808198
-165.903053,1600,372.440577
-136.269349,311,372.566899
-85.756642,1600,386.109388
-84.598328,1600,386.814708
-76.850479,1600,387.525177
-80.774519,1600,388.34955
-81.864676,1600,389.003401
-116.956056,1600,398.167111
-121.352604,1600,398.806006
-117.941362,1600,399.432466
-127.907428,1600,400.041537
-130.569515,1600,400.664894
-141.487618,216,409.897633
-151.951389,1600,410.550602
-125.794318,138,410.603572
-122.006298,122,410.650273
-119.280674,173,410.713464
-128.340146,1600,420.187346
-123.724842,1600,421.022349
-116.006225,1600,421.76236
-123.707775,1600,422.498933
-133.595183,1600,423.181621
-141.8385,1600,432.649974
-126.64937,1600,433.319343
-130.720779,1600,433.960383
-127.904648,1600,434.720833
-122.939952,1600,435.448094
-109.539295,45,445.393263
-111.544631,73,445.42865
-109.479883,45,445.451036
-109.481062,45,445.471898
-109.577144,45,445.494221
-84.765693,1600,455.505931
-104.202324,1600,456.579052
-84.834729,1600,457.335033
-84.951129,1600,457.999235
-82.136824,1600,458.627816
-108.417061,53,467.399367
-108.579167,53,467.422269
-109.206919,53,467.443126
-109.068838,53,467.464648
-108.453171,53,467.485656
-91.819137,1600,476.379752
-132.773525,1600,477.024322
-104.290151,66,477.050592
-102.510751,75,477.080505
-104.165915,66,477.108279
-114.374116,56,485.253372
-114.370024,56,485.275477
-114.33112,56,485.297096
-114.398389,56,485.321166
-114.327585,56,485.344505
-98.764638,67,493.399592
-99.603689,67,493.425057
-102.172604,60,493.447564
-101.958838,58,493.46915
-102.447535,60,493.492193
-98.293423,63,501.434394
-98.021433,65,501.459035
-99.254849,61,501.480416
-99.381557,60,501.502116
-98.918787,62,501.525071
-112.630769,1600,509.704864
-108.826547,309,509.808095
-131.876587,1600,510.368097
-107.457807,1600,510.920203
-102.133016,123,510.965313
-99.841254,146,518.74258
-88.692147,198,518.814556
-97.085724,207,518.889168
-97.802017,145,518.940277
-92.956176,338,519.054099
-96.544013,63,527.144716
-94.275215,89,527.179072
-100.339826,55,527.201435
-94.107849,90,527.235346
-98.47331,62,527.258858
-128.60644,94,537.234492
-129.310946,167,537.31663
-127.997543,133,537.384306
-129.855896,151,537.455064
-128.636415,93,537.50611
-118.213,40,550.302914
-118.217839,40,550.330781
-118.219871,40,550.361143
-118.245778,40,550.392364
-118.229334,40,550.417612
-112.036739,39,560.259453
-112.025733,39,560.280736
-112.010861,39,560.300528
-111.550657,38,560.319865
-112.035192,39,560.339772
-98.3562,71,569.611727
-98.223723,72,569.640943
-98.371029,71,569.671648
-97.712397,68,569.69947
-97.89181,68,569.728244
105.418144,1600,578.892701
105.246354,1600,579.556558
97.208572,1600,580.228177
106.465165,1600,580.86696
105.306896,1600,581.457573
-67.221554,1600,592.476736
-67.889566,1600,593.071448
-122.501336,47,593.091568
-122.512454,47,593.113409
-122.502513,47,593.131444
-114.955358,39,601.656939
-114.957134,39,601.673485
-114.976108,39,601.689378
-114.942261,39,601.706419
-114.976906,39,601.721592
-94.616068,1600,610.328897
-94.892921,1600,610.996493
-95.677377,1600,611.580099
-94.405813,1600,612.172993
-94.659003,1600,612.773315
-91.032652,1600,624.4062
-98.411795,1600,625.034442
-91.447047,1600,625.687593
-98.370938,1600,626.363974
-98.394102,1600,626.985422
-95.585438,1600,635.812808
-105.080245,1600,636.483959
-107.591272,1600,637.145084
-105.046702,1600,637.841178
-105.029299,1600,638.501875
-85.888265,1600,647.689347
-86.486254,1600,648.287429
-89.612174,1600,648.940365
-85.869107,1600,649.537218
-89.812722,1600,650.192051
-91.025604,1600,658.955374
-91.035249,1600,659.618947
-91.042376,1600,660.247979
-91.015475,1600,660.888889
-91.03344,1600,661.517598
-98.487033,1600,670.71441
-98.485035,1600,671.418119
-98.460907,1600,672.040594
-98.413949,1600,672.766372
-98.459085,1600,673.388632
-103.474487,92,681.516338
-102.869718,106,681.558537
-103.20877,91,681.592984
-104.346047,107,681.633496
-117.765023,244,681.722981
-88.866018,1600,690.840118
-94.962492,1600,691.693692
-91.832873,1600,692.47919
-95.19968,1600,693.222714
-94.659169,1600,693.945638
-121.422165,48,703.621939
-120.679507,47,703.640968
-121.33376,48,703.661115
-120.486557,47,703.68084
-121.340847,48,703.700751
-138.573296,1600,717.024378
-140.218108,1600,717.727359
-137.232872,1600,718.373562
-136.836827,1600,718.99739
-138.591575,1600,719.638754
-117.544952,46,728.496927
-118.207532,47,728.517319
-143.445604,1600,729.176605
-143.402037,1600,729.827591
-116.082149,1600,730.406934
-116.7364,1600,739.255694
-116.44126,1600,739.946951
-134.172659,1600,740.519822
-134.152387,1600,741.098106
-120.028297,1600,741.799705
-110.316416,1600,750.218751
-109.694098,1600,750.810832
-109.533406,1600,751.385963
-107.700687,1600,751.951606
-110.246805,1600,752.544146
-123.529632,1600,760.98045
-125.590824,1600,761.618401
-121.77374,1600,762.230668
-124.228041,1600,762.871609
-120.665852,1600,763.565653
-120.453073,1600,772.148731
-110.017124,1600,772.866
-111.785198,1600,773.609783
-119.356791,1600,774.250671
-113.674952,1600,774.88736
-127.410914,45,782.927928
-127.477288,45,782.946503
-127.469977,45,782.964914
-127.450313,45,782.983908
-126.941957,46,783.003134
-133.659121,1600,791.534657
-122.112932,1600,792.127651
-117.034168,82,792.162625
-123.940161,1600,792.755199
-123.306335,1600,793.322629
-126.179955,121,801.215008
-97.237375,1600,801.822092
-125.365878,127,801.869917
-125.394311,127,801.916664
-126.126281,121,801.962879
-104.905778,1600,810.285455
-104.25516,1600,811.094784
-108.963589,1600,811.685558
-111.387258,1600,812.253545
-103.705355,1600,812.845779
-117.401528,1600,821.293495
-117.410687,1600,821.850475
-114.27721,105,821.887054
-117.389651,1600,822.472636
-108.959638,134,822.519165
-96.51733,1600,830.827057
-96.041366,1600,831.423319
-96.018322,1600,832.033435
-95.971064,1600,832.644592
-95.940603,1600,833.270017
-105.921805,60,841.306949
-105.57813,59,841.330726
-105.901672,59,841.353536
-105.871167,60,841.377907
-106.515548,62,841.40204
-121.716599,1600,849.930929
-93.194628,1600,850.547597
-121.784155,1600,851.146889
-121.574837,1600,851.786749
-121.565979,1600,852.418762
-60.62524,1600,860.703426
-60.718626,1600,861.289812
-62.333417,1600,861.900807
-59.579704,1600,862.464433
-49.882141,1600,863.080855
-74.207076,1600,871.30295
-74.210377,1600,871.886888
-74.257376,1600,872.428683
-74.191037,1600,873.046618
-74.244473,1600,873.588167
-107.585087,1600,881.680068
-108.699201,1600,882.257349
-106.558831,1600,882.872213
-108.147136,1600,883.49811
-110.40281,1600,884.090362
-46.665878,1600,892.287944
-46.667287,1600,892.942262
-47.699168,1600,893.532069
-47.354469,1600,894.081251
-46.597748,1600,894.647724
-47.890349,1600,903.874476
-48.001352,1600,904.586066
-47.765177,1600,905.261829
-47.745684,1600,905.942087
-47.780714,1600,906.676383
-90.945993,1600,917.000182
-90.972766,1600,917.98836
-90.947898,1600,918.715357
-91.003763,1600,919.466183
-90.967582,1600,920.206454
-72.825895,1600,931.490718
-72.776416,1600,932.203356
-72.851338,1600,932.976649
-72.871269,1600,933.780401
-72.766,1600,934.740308
-53.120022,1600,944.969693
-53.100887,1600,945.684062
-53.138242,1600,946.438057
-53.234825,1600,947.081145
-53.185931,1600,947.700581
-54.942351,1600,956.925525
-55.229695,1600,957.525903
-55.452608,1600,958.16402
-55.356488,1600,958.790012
-55.565268,1600,959.381374
-35.418688,1600,968.190006
-31.560331,1600,968.790495
-34.319292,1600,969.488389
-18.120432,1600,970.09559
-36.452138,1600,970.749731
-97.830811,177,979.227521
-92.22236,188,979.307763
-72.310642,425,979.46925
-46.654332,958,979.830471
-89.104257,239,979.922244
36.375552,1600,988.947439
39.910519,1600,989.573666
-96.576311,420,989.731644
-108.383375,1600,990.423517
33.073711,1600,991.066683
-113.187207,47,999.219038
-113.153066,47,999.238259
-113.229583,47,999.257652
-113.215202,47,999.276688
-113.195515,47,999.29528
-107.142666,1600,1008.370158
-109.105747,1600,1009.013689
-109.527728,1600,1009.638263
-109.545697,1600,1010.275073
-105.643273,1600,1010.89365
-106.8586,1600,1019.700927
-106.980987,1600,1020.373015
-106.90847,1600,1021.014756
-106.883968,1600,1021.633882
-106.935127,1600,1022.260935
-86.669114,1600,1031.511519
-83.749861,1600,1032.224387
-63.946975,1600,1032.802537
-83.144505,1600,1033.381873
-88.175618,1600,1033.969805
-146.161133,1600,1043.188746
-147.365781,1600,1043.884062
-147.351925,1600,1044.610417
-147.158201,1600,1045.345611
-147.264707,1600,1046.2122
-110.191417,1600,1057.923302
-125.91706,1600,1058.774034
-125.895624,1600,1059.683745
-125.889542,1600,1060.371654
-125.884136,1600,1061.084281
-94.954854,1600,1072.670617
-94.685824,1600,1073.558114
-94.409743,1600,1074.61421
-94.926075,1600,1075.719624
-94.664232,1600,1076.633655
-109.241904,1600,1087.90285
-109.962638,1600,1088.557059
-109.016315,1600,1089.310399
-109.005537,1600,1090.031992
-107.955725,1600,1090.692928
-152.178047,332,1099.784323
-158.51143,1600,1100.457211
-144.9955,250,1100.552863
-158.41271,1600,1101.206165
-160.638222,420,1101.367829
-143.881924,230,1110.944504
-143.083811,221,1111.035307
-142.519294,217,1111.127431
-164.355709,1600,1111.768685
-159.980078,404,1111.938461
-145.207903,1600,1122.5952
-153.22289,1600,1123.421636
-145.20864,1600,1124.424695
-150.749605,1600,1125.206055
-154.123662,1600,1125.933482
-163.479607,1600,1137.581898
-164.087293,1600,1138.34738
-164.013421,1600,1139.156839
-163.338618,1600,1139.859935
-164.048507,1600,1140.671045
-143.464084,1600,1151.691583
-142.098948,1600,1152.316935
-141.211361,1600,1152.943838
-140.554537,1600,1153.560167
-140.584342,1600,1154.18186
-154.720122,1600,1164.407941
-151.752268,1600,1165.153486
-163.687521,1600,1167.147509
-156.811108,1600,1168.982668
-142.276775,1600,1170.326125
-142.735246,1600,1181.661171
-142.668449,1600,1182.365576
-142.203239,1600,1183.103952
-142.719078,1600,1183.825206
-143.336437,1600,1184.501758

-107.163322,380,153.772508
-97.817502,101,153.852776
-102.528122,125,153.952099
-102.038061,100,154.034099
-99.752369,102,154.116486
-137.08414,737,154.68979
-140.388874,697,155.238219
-100.022887,104,155.327862
-103.311416,127,155.50077
-178.85044,1176,156.532051
-114.565525,265,156.767609
-131.301327,514,157.192057
-139.552571,708,157.754279
-105.90925,107,157.839096
-116.702437,314,158.085165
-128.280467,513,158.501237
-119.315272,385,158.815512
-104.608098,137,159.218733
-122.21367,860,159.910077
-101.234387,918,160.653689
-97.53037,414,160.973235
-96.318975,122,161.065678
-100.106807,122,161.15745
-98.318088,124,161.256772
-83.561153,177,161.393635
-99.764176,95,161.469843
-31.24135,804,162.086644
-87.731127,377,162.384619
-103.452361,88,162.451884
-109.634212,112,162.536608
-101.579141,91,162.60913
-100.682576,135,162.714373
-97.349856,117,162.806045
-101.730378,203,162.990157
-70.419836,700,163.538466
-98.451397,152,163.662193
-104.461708,87,163.731325
-103.226255,92,163.801726
-115.112767,118,163.894967
-107.024558,101,163.974278
-105.797935,83,164.039591
-100.90893,99,164.118161
-105.449516,69,164.172816
-103.690529,80,164.233366
-100.393838,74,164.291695
-106.846791,71,164.373362
-103.886003,74,164.439904
-102.907992,67,164.496644
-102.347457,89,164.57287
-104.328997,80,164.642973
-115.625364,150,164.769788
-88.682155,121,164.871538
-106.176559,138,164.981388
-111.615575,71,165.03805
-103.406859,115,165.126015
-110.396864,55,165.170143
-124.449263,140,165.280284
-120.424848,90,165.42554
-107.014217,96,165.515499
-102.271093,98,165.592455
-114.648219,64,165.64237
-116.67627,63,165.695005
-116.316476,63,165.745888
-99.077232,98,165.824038
-115.813218,86,165.890932
-113.996256,61,165.937809
-110.805215,58,165.985329
-116.273831,53,166.02722
-117.49859,80,166.098156
-186.84004,780,166.749359
-140.471363,1600,168.069902
-111.034487,49,168.108459
-122.166892,1600,169.37767
-109.850094,55,169.420597
-179.253887,1492,170.699503
-98.191679,104,170.787045
-99.972679,94,170.866491
-106.809277,37,170.898215
-95.185326,206,171.066366
-99.221905,80,171.130489
-109.920493,51,171.174199
-110.523448,62,171.228059
-97.636787,80,171.293371
-106.845247,40,171.327782
-98.008907,73,171.386566
-93.934369,109,171.477901
-95.000814,94,171.55426
-95.013101,85,171.624569
-107.890962,45,171.66099
-91.38221,93,171.738871
-107.077064,40,171.776845
-93.813841,110,171.87602
-92.315218,170,172.019165
-98.565332,83,172.087729
-82.627547,1600,173.572313
-99.929446,387,173.92855
-44.586555,515,174.42061
-82.820141,136,174.54157
-51.279305,530,174.996403
-104.411115,94,175.081792
-2.947317,1600,179.965303
-86.661532,994,180.783947
-89.197327,138,180.898686
-96.704819,102,180.983892
-67.482957,317,181.23808
-30.652892,808,181.879894
-87.232404,226,182.09067
-64.043809,386,182.418723
-111.0628,122,182.521644
-104.732694,127,182.639185
-91.549956,117,182.740774
-99.882402,113,182.835542
-97.531755,108,182.924147
-74.127459,238,183.112928
-95.132506,112,183.205552
-96.081098,103,183.286593
-99.890052,81,183.352949
-99.371242,101,183.436059
-98.60251,97,183.512348
-104.975849,85,183.581283
-93.125373,96,183.667247
-100.039789,86,183.736159
-99.283751,77,183.799998
-102.28639,58,183.847107
-99.843208,99,183.92905
-99.187092,73,183.994482
-98.113208,102,184.083138
-99.385826,57,184.133211
-92.829262,124,184.231724
-93.742418,136,184.345246
-101.538633,104,184.430604
-97.558995,83,184.500502
-97.913981,85,184.571899
-93.875408,136,184.680728
-95.318838,122,184.778702
-99.511835,94,184.85682
-99.100799,89,184.931323
-99.684545,90,185.004575
-96.158016,130,185.106978
-99.662892,54,185.150326
-97.911989,67,185.204453
-100.283378,50,185.248257
-62.303025,594,185.850243
-98.412569,94,185.926388
-99.07787,93,186.001706
-61.229637,1098,186.906425
36.707322,1600,190.762761
-40.970435,1600,192.095355
-22.186555,1600,193.381045
-65.804441,1600,194.650894
-90.776645,1600,195.878335
-89.669679,1600,197.270536
-91.846812,1600,202.751108
-66.758057,1600,204.144146
-97.574139,94,204.21617
6.362078,1600,205.470602
47.88457,1600,206.683296
-71.365229,523,207.091951
-99.561069,83,207.158987
-97.922187,133,207.264273
-105.155748,75,207.324662
-104.203708,75,207.384054
-97.281111,107,207.468
-50.214019,645,208.013342
-88.958135,225,208.213322
-96.536965,96,208.30065
-91.355027,140,208.418519
-97.422825,78,208.488453
-97.096986,93,208.573428
-105.41212,60,208.623127
155.970025,1600,209.935656
-102.529582,104,210.016651
71.762339,1600,214.586741
-99.086664,99,214.662257
-102.67221,95,214.73644
-28.403722,1600,216.292085
-48.536528,1600,217.832988
50.476078,1600,219.251149
70.928241,1600,220.51765
-84.641983,411,220.847488
-98.316279,77,220.908696
55.047787,1600,222.394935
54.54612,1600,223.956737
-102.109215,94,224.030418
84.082087,1600,225.299993
0.605422,1600,226.547261
-98.829629,593,227.000658
-109.384881,48,227.039811
-106.686531,143,227.147361
-105.175301,136,227.254911
-110.376055,52,227.295701
-110.995713,55,227.3412
40.138477,1600,228.6337
36.357506,1600,229.878832
-125.639364,164,230.00196
8.05706,1600,234.107313
-97.338959,93,234.176385
15.175857,1600,235.374356
13.232469,1600,236.541617
-89.413101,1262,237.494203
60.870295,1600,238.703059
-97.465854,90,238.771259
-113.015069,92,238.839578
-117.725832,94,238.91014
-102.628548,64,238.958875
-93.624842,662,239.460394
10.100829,1600,240.639842
-78.023885,532,241.028377
-95.523493,96,241.100938
-67.790188,690,243.15503
-93.612133,251,243.335868
-103.934765,82,243.399324
-103.166092,72,243.453564
-99.018252,72,243.506442
-107.810828,63,243.553318
-98.036975,129,243.650273
-106.244004,55,243.692232
-103.880388,69,243.745193
-99.785586,146,243.854073
-104.36334,71,243.905964
-104.128907,74,243.961046
-103.844375,102,244.036652
-106.11576,192,244.178246
-127.884819,204,244.325102
-36.282467,1600,245.485392
-26.522641,1600,246.640607
-87.723719,465,246.989387
72.6214,1600,248.262718
73.157997,1600,249.431159
-29.263545,1145,250.301982
-94.974792,136,250.403835
-68.383387,623,251.530475
-106.126831,73,251.588158
-104.280282,89,251.654825
-72.697562,552,252.109016
-106.738738,62,252.160881
-106.935689,44,252.200777
-108.838153,41,252.24259
-106.612744,51,252.296024
-108.334022,94,252.39148
-109.311566,130,252.503285
-107.888004,54,252.546454
-108.48108,41,252.578202
-108.949937,42,252.612847
29.446903,1600,253.785199
65.629472,1600,255.024025
45.679769,1600,256.216785
59.438828,1600,257.735411
43.333794,1600,259.120286
10.875619,1600,263.158645
-37.972308,1600,264.593055
-107.001669,69,264.645882
-108.357498,34,264.674044
-17.812491,1600,265.894647
-109.023166,61,265.950776
-65.062166,1600,267.25836
-8.215051,1600,268.604779
-53.494162,1112,269.551688
117.479797,1600,273.699893
-107.041581,52,273.743066
-106.117561,55,273.788649
-107.076353,53,273.831641
16.084401,1129,275.08028
-116.985714,81,275.174383
-112.053498,59,275.255341
-104.212967,118,275.421094
-80.677845,380,275.899141
-92.61303,127,276.005116
-41.23066,570,276.71127
-101.805352,76,276.772229
-107.291641,73,276.832209
0.78601,913,277.732399
-115.154229,67,277.83139
-115.578264,69,277.89785
-113.005315,59,277.946332
-112.399787,58,277.995009
-125.812136,174,278.127843
-112.399411,110,278.210692
-114.130632,100,278.289378
-123.541963,91,278.411937
-123.715882,110,278.582006
-115.091472,51,278.74135
-116.75732,50,278.800564
-116.405385,56,278.863751
-116.732687,57,278.915096
-123.228305,82,278.995745
-117.716003,63,279.135524
-117.464702,74,279.208185
-120.033208,66,279.264883
-119.798304,63,279.437553
-121.522478,71,279.644416
-112.998732,101,279.779647
-113.212833,43,279.831577
-135.512437,143,280.006397
-109.676641,42,280.043262
-128.361045,119,280.154095
-140.736,186,280.319059
-124.460332,99,280.453191
-127.464359,110,280.559692
-136.667558,125,280.66972
-119.015259,88,280.744384
-139.744967,187,280.931351
-142.167121,212,281.138994
-145.750413,241,281.356059
-114.723424,103,281.473342
-146.289817,254,281.701574
-140.143844,184,281.86649
-154.924624,343,282.143553
-143.986129,230,282.333624
-138.783902,168,282.462908
-143.34949,222,282.659269
-140.142227,203,282.857664
-151.608666,337,283.15817
-154.670743,1600,288.389248
-148.581201,1600,289.840652
-158.997767,1600,291.203558
-137.675586,1600,292.566895
-124.365818,1600,293.990381
-114.816706,1600,295.410484
-112.304803,1600,300.009875
-109.234889,1600,301.606118
-108.060658,1600,302.979493
-104.334751,1600,304.380016
-107.901599,1600,305.803866
-117.818744,71,305.860314
-108.239052,1600,307.159419
-100.929165,1600,311.311575
-102.673637,1600,312.55697
-102.536515,1600,313.75239
-101.085668,1600,314.998634
-102.324231,1600,316.176899
-105.036525,1600,317.812046
-103.404491,1600,322.494604
-72.379257,1600,323.773139
-64.641743,1600,325.118253
-76.591163,1600,326.38407
-151.600744,902,327.102582
-120.337575,84,327.171711
-121.013707,104,327.25344
-109.918798,88,327.32543
-124.222941,177,327.463005
-117.746983,44,327.500183
-115.405533,38,327.533304
-156.822774,1047,328.394606
-120.593076,41,328.429024
-118.263207,39,328.462507
-112.678591,150,328.580692
-109.065808,47,328.621796
-121.413155,91,328.698054
-81.124517,1600,330.058699
-115.409411,74,330.120167
-116.956423,89,330.190936
-95.079795,1600,334.461634
-178.969182,1541,335.66865
-117.857894,93,335.74316
-120.028729,42,335.779612
-117.316039,38,335.80963
-124.006661,201,335.968983
-112.949516,79,336.033791
-110.746103,90,336.106453
-115.125157,137,336.214502
-113.18045,67,336.269676
-111.968644,80,336.34068
-114.438981,65,336.39448
-111.130928,63,336.448674
-114.092459,102,336.528224
-114.029681,34,336.605623
-115.449616,36,336.637032
-114.746592,35,336.666513
-115.629645,36,336.69701
-114.799361,35,336.727589
-117.097921,41,336.76143
-110.583806,118,336.857557
-112.34249,53,336.902769
-109.388715,86,336.973066
-111.516829,105,337.05487
-112.607922,99,337.13171
-118.412642,186,337.278929
-125.372438,272,337.500442
-111.861144,108,337.593292
-113.957725,122,337.741447
-114.569351,38,337.778205
-110.457002,74,337.844784
-117.520547,41,337.880004
-115.470483,42,337.915747
-114.128474,44,337.95707
-114.819101,42,337.994321
-114.616119,49,338.038074
-110.512946,76,338.107444
-111.460277,73,338.170707
-110.489358,80,338.238093
-110.516118,104,338.323732
-115.934762,138,338.468335
-150.168194,637,339.009635
-110.732372,103,339.09006
-112.82509,113,339.187747
-112.932499,141,339.334254
-110.439017,85,339.421505
-113.696795,139,339.533372
-114.389242,135,339.640081
-115.799025,125,339.737301
-111.840907,137,339.84995
-112.889769,117,339.948469
-115.812747,116,340.043161
-112.285271,127,340.138926
-112.216374,135,340.248251
-112.804842,137,340.362102
-110.978093,143,340.475056
-110.642686,137,340.586182
-111.90373,68,340.639893
-109.563978,108,340.727226
-109.370009,91,340.798055
-113.453185,40,340.831781
-115.292515,114,340.927999
-112.661174,40,340.9608
-111.389375,148,341.077162
-112.861841,40,341.109978
-110.420552,90,341.178903
-107.282744,86,341.2426
-119.197435,102,341.320475
-107.895802,76,341.378473
-108.657728,113,341.462413
-109.576507,110,341.541862
-108.346422,94,341.609847
-110.967475,100,341.68092
-108.349914,85,341.740432
-110.916162,106,342.199494
-112.150842,103,342.279712
-112.151714,120,342.404198
-111.064298,109,342.487408
-110.278024,91,342.556801
-111.177013,107,342.639501
-110.503159,102,342.714198
-111.589388,108,342.793585
-111.518588,104,342.87309
-111.26823,108,342.952984
-111.567813,111,343.049076
-117.549206,199,343.189615
-118.311357,195,343.335248
-130.320095,365,343.605697
-131.448408,147,343.764308
-134.119794,314,343.999138
-141.948912,349,344.365832
-86.023402,1600,345.896641
-59.151166,1600,347.141965
-125.145854,290,347.375801
-81.504879,1600,348.737382
-114.176421,61,348.793177
-114.315648,49,348.834442
-113.977217,81,348.902541
-164.289141,1600,350.427599
-113.351116,56,350.476493
-112.659834,58,350.525523
-111.727252,58,350.576239
-112.542863,48,350.619117
-112.357663,50,350.667915
-115.066018,57,350.721769
-112.06812,36,350.755422
-113.371758,54,350.804364
-114.29635,59,351.526197
-113.620238,48,351.565716
-119.359729,65,351.618912
-113.018577,60,351.665628
-113.983019,88,351.736084
-149.732278,565,352.18465
-111.13999,47,352.224358
-140.007813,193,352.417936
-151.854889,296,352.663335
-113.24349,57,352.717448
-128.447508,167,352.860162
-112.758496,66,352.914222
-126.083718,179,353.054016
-156.338497,342,353.319866
-113.892702,55,353.364168
-113.669708,77,353.425312
-108.837195,73,353.481317
-142.607539,233,353.670244
-112.366519,58,353.728805
-133.981356,327,354.02201
-137.91523,155,354.160072
-138.485346,447,354.595816
-114.977184,212,354.809953
-208.911787,1144,355.817106
-115.1971,130,355.938527
-113.349865,74,356.002151
-107.428328,105,356.097591
-116.515057,80,356.17489
-153.931287,359,356.496117
-119.665229,134,356.60953
-143.501457,217,356.838125
-155.838511,352,357.198825
-126.441966,316,357.652365
-113.339035,143,357.887436
-105.538896,87,358.056463
-109.847197,50,358.117228
-104.580992,141,358.271308
-113.504433,257,358.575561
-107.508538,144,358.712859
-108.575439,88,358.796551
-106.936492,43,358.840173
-154.320994,331,359.140432
-112.449917,73,359.21828
-121.386211,164,359.360156
-193.325566,729,360.023099
-137.337973,253,360.239751
-142.759457,198,360.437824
-118.526276,220,360.634253
-126.78788,231,360.832468
-147.431809,384,361.360854
-161.315669,397,361.680685
-145.914267,244,361.879976
-147.972933,259,362.097947
-162.060553,351,362.420673
-144.659967,203,362.595506
-121.7495,179,362.829216
-109.037151,55,362.881241
-112.244545,62,362.93718
-189.254163,685,363.500405
-115.424165,65,363.555113
-163.13503,389,363.964236
-160.343716,386,364.370719
-139.923554,280,364.621793
-136.026283,250,364.846321
-172.875543,594,365.353662
-150.890646,1600,366.651447
-146.049635,1600,368.023328
-182.566947,798,368.754135
-122.849075,201,368.925202
-142.628512,404,369.291124
-138.601173,230,369.489899
-127.614975,1600,373.504058
-112.47225,64,373.554519
-110.284256,59,373.6035
-141.31555,1600,375.028437
-107.338096,44,375.074637
-126.168477,1600,376.678597
-101.437671,1600,379.778236
-115.429386,1600,381.810014
-89.037415,1600,384.159436
-78.870041,1600,389.800999
-98.815803,1600,391.223933
-103.893538,1600,392.625875
-163.156257,1600,393.944665
-152.904581,1600,395.253176
-136.774512,1600,396.613208
-127.167617,1600,401.060548
-87.266806,1600,402.419229
-101.504684,1600,403.76929
-90.924803,1600,405.237228
-119.48062,77,405.301649
-144.256296,239,405.501119
-103.279462,1600,407.073701
-115.102086,1600,408.578463
-108.073335,56,408.656548
-104.77636,81,408.740837
-157.063489,1600,411.157343
-154.533752,1600,412.617442
-151.957732,1600,414.002448
-110.026722,52,414.046136
-144.69709,1600,415.372695
-141.640554,1600,416.681089
-137.762884,1600,418.098245
-123.142271,1600,423.353877
-128.773585,1600,424.807986
-120.338854,1600,426.158678
-138.487203,1600,427.444686
-151.059211,1600,428.797717
-130.817669,1600,430.413214
-144.311216,1600,431.799428
-151.282902,1600,436.877085
-122.300169,1600,438.349973
-135.04257,1600,440.079366
-100.180212,1600,441.744435
-86.944537,1600,443.274803
-117.50538,73,443.347243
-112.409317,64,443.406131
-86.690447,1600,444.775881
-204.287439,1172,446.108057
-110.358504,46,446.151194
-108.570781,41,446.19012
-133.192178,132,446.306174
-115.484745,64,446.365225
-122.368791,82,446.435023
-119.754258,73,446.492232
-108.221796,42,446.53102
-107.468096,72,446.595021
-109.052251,89,446.669713
-103.739449,73,446.730184
-106.029115,100,446.812767
-109.510296,47,446.850612
-108.054921,100,446.929338
-107.601502,77,446.990841
-105.734718,96,447.070232
-123.66744,128,447.169845
-110.41612,52,447.217487
-114.846606,128,447.334095
-113.705474,105,447.423134
-114.52934,105,447.50802
-108.888859,43,447.544941
-111.443313,47,447.583235
-114.049094,81,447.649323
-113.849122,107,447.735064
-88.707641,1600,449.038188
-93.905591,1600,450.426803
-89.268088,1600,451.989404
-86.078755,1600,453.507643
-120.852293,112,453.676232
-125.634767,129,453.836207
-137.489006,156,454.020973
-106.81706,1600,459.765153
-115.608354,65,459.836287
-108.56232,1600,461.288517
-189.700057,1010,462.155431
-157.551854,480,462.630996
-128.603466,346,462.959784
-112.047704,102,463.050736
-111.055296,63,463.106388
-147.329079,275,463.343501
-131.353,229,463.52068
-124.356123,195,463.669647
-174.703773,521,464.107413
-111.90099,120,464.209747
-144.58845,295,464.497896
-120.453065,167,464.628657
-137.139477,155,464.752473
-138.342497,172,464.889405
-118.944475,141,464.997376
-146.897178,248,465.18693
-140.529684,220,465.35384
-112.189421,144,465.466381
-122.285385,199,465.617772
-114.000414,99,465.69328
-134.884384,224,465.872905
-147.471333,245,466.066208
-148.978296,273,466.276266
-145.531092,350,466.596095
-86.225417,1600,467.950365
-74.277752,1600,469.188307
-141.263575,570,469.642244
-148.937542,309,469.876994
-139.726447,664,470.375945
-127.858238,446,470.73102
-130.629437,447,471.077222
-111.292165,1600,472.329351
-197.404954,902,473.030114
-109.754444,66,473.087002
-101.453811,105,473.171896
-110.006578,63,473.221979
-165.938962,495,473.625869
-139.186172,1600,474.905464
-114.192124,72,474.963257
-114.586235,1600,478.072971
-113.07819,63,478.127636
-113.289082,51,478.16762
-126.424584,56,478.212673
-102.441749,173,478.363311
-101.695724,1600,479.741841
-94.971039,1600,481.044977
-124.161404,51,481.086995
-120.662866,51,481.128492
-113.044534,56,481.172283
-103.289945,61,481.21946
-104.038081,59,481.266482
-105.098454,66,481.318574
-109.142921,52,481.361852
-110.003232,58,481.407976
-109.327844,73,481.46633
-106.530086,68,481.517609
-104.993542,69,481.570946
-107.797024,54,481.612365
-107.089377,66,481.663098
-107.721739,1600,482.920823
-106.991517,1600,484.161175
-108.855199,98,484.23553
-121.351232,58,484.28088
-109.303453,138,484.390017
-103.045788,89,484.460475
-104.573863,129,484.555736
-102.826667,77,484.616907
-122.197649,59,484.665014
-101.118143,83,484.731469
-102.282237,67,484.785088
-120.689542,67,484.836094
-111.448155,59,484.886473
-101.791048,55,484.928837
-104.328357,63,484.976782
-109.269821,56,485.022174
-107.449642,55,485.064622
-100.49584,53,485.106382
-103.862976,57,485.151017
-107.388676,55,485.194924
-107.690209,63,485.362354
-102.585336,84,485.42966
-101.113829,75,485.497062
-101.982978,72,485.552921
-104.126068,57,485.600666
-103.923134,53,485.64235
-102.676328,61,485.692417
-101.165933,60,485.739796
-103.425753,52,485.783406
-103.921702,48,485.824231
-102.469482,60,485.87141
-101.595687,60,485.919675
-102.408417,62,485.968114
-103.549813,56,486.015435
-106.110539,56,486.060987
-114.930368,61,486.115842
-103.219406,62,486.16364
-103.32563,67,486.219453
-113.842827,53,486.262287
-114.270193,56,486.304101
-114.214503,53,486.361537
-105.879199,95,486.462964
-104.271028,67,486.544135
-105.39973,51,486.587617
-104.788353,51,486.631097
-101.464698,62,486.683771
-102.440757,59,486.732097
-102.296362,63,486.782517
-100.755987,59,486.836284
-101.143652,60,486.886684
-100.671326,50,486.932098
-100.088053,52,486.977472
-100.368688,54,487.019459
-101.366946,57,487.069247
-99.985442,69,487.126523
-100.646005,58,487.173031
-100.80148,62,487.224458
-101.257699,58,487.270501
-101.411306,58,487.354827
-100.962251,70,487.415688
-105.70193,46,487.451865
-106.144047,50,487.492158
-104.186456,60,487.540786
-105.480028,51,487.581301
-103.785133,57,487.62627
-100.779909,70,487.678287
-107.770478,52,487.717735
-106.372933,55,487.761598
-101.425404,64,487.812314
-102.600628,58,487.856292
-105.082186,50,487.895834
-104.89217,56,487.942769
-106.442221,48,487.979707
-103.317487,55,488.022276
-103.222807,52,488.06437
-106.765673,47,488.100731
-104.726904,53,488.142632
-101.162259,63,488.189832
-101.270408,63,488.239282
-107.874912,46,488.273613
-100.666967,65,488.326451
-101.00137,72,488.381241
-107.080446,48,488.42009
-101.415286,64,488.471742
-102.503757,64,488.522366
-102.163695,64,488.571978
-103.734077,64,488.622179
-101.046395,67,488.675483
-100.584487,75,488.735617
-100.705597,77,488.794407
-100.389752,78,488.858856
-103.613976,58,488.903734
-104.251717,62,488.952677
-103.949424,64,489.003402
-126.558477,116,489.093477
-104.028515,80,489.1553
-101.7715,1600,490.389748
-119.675866,111,490.475834
-97.754302,1600,491.697929
-85.459678,1600,493.007146
-100.179394,85,493.070581
-99.39623,93,493.137917
-97.833314,79,493.196933
-100.442771,115,493.280142
-102.905078,57,493.324959
-98.249416,74,493.501873
-102.490749,55,493.544238
-104.317768,51,493.584573
-100.933057,60,493.629447
-101.353966,59,493.673302
-99.35983,58,493.717376
-98.280549,74,493.773561
-100.068517,68,493.825954
-99.299477,73,493.883774
-99.575571,75,493.942551
-100.746922,66,493.993193
-100.890137,64,494.042808
-99.602331,67,494.093407
-103.026746,55,494.134189
-99.985395,67,494.185854
-98.945369,72,494.238599
-100.816337,60,494.288179
-99.785703,72,494.35282
-100.320301,68,494.404301
-103.518916,55,494.4471
-100.066618,70,494.49963
-103.542299,67,494.550716
-112.338255,51,494.590436
-101.681446,82,494.651016
-102.87837,105,494.7302
-113.928263,51,494.768331
-99.902799,86,494.848054
-101.106181,74,494.917398
-99.43592,74,494.986054
-101.219803,70,495.054727
-104.395308,67,495.112807
-103.546588,64,495.167103
-100.186857,76,495.230125
-105.906618,59,495.277947
-100.528763,56,495.331376
-99.567515,63,495.384873
-100.93054,60,495.429867
-98.759275,77,495.489262
-101.854084,53,495.530988
-99.291949,63,495.57954
-100.137301,70,495.630688
-100.016202,69,495.683705
-99.993483,65,495.73248
-100.392426,65,495.78045
-101.261326,60,495.826114
-101.523964,56,495.868126
-103.805901,163,495.988239
-109.452545,182,496.123463
-116.645318,162,496.241974
-112.989007,40,496.275772
-114.97581,42,496.309914
-113.968876,40,496.34113
-117.195679,41,496.372881
-120.76191,44,496.410843
-121.228404,44,496.44661
-121.64788,44,496.481765
-120.831998,44,496.516849
-121.84481,44,496.550192
-122.256247,44,496.584735
-121.88154,44,496.61716
-122.068079,44,496.65107
-121.613845,44,496.687914
-121.68742,44,496.721933
-122.058954,44,496.755147
-120.925462,44,496.787866
-122.055796,44,496.823891
-122.294769,43,496.856985
-122.092698,44,496.891013
-120.337952,43,496.923286
-122.7045,43,496.956768
-122.432072,42,496.988224
-120.559819,43,497.022849
-120.550952,43,497.056736
-121.459666,43,497.089814
-121.344619,43,497.12252
-122.663901,44,497.154773
-122.561389,43,497.189285
-122.895249,42,497.221575
-123.333903,42,497.253294
-122.896706,41,497.284876
-122.915755,43,497.318619
-122.357342,43,497.350583
-121.609095,43,497.384754
-122.517001,44,497.418488
-123.098676,42,497.452936
-123.099459,41,497.484083
-123.09449,41,497.515888
-123.173629,42,497.552225
-122.936908,42,497.585796
-122.861148,42,497.619651
-122.997251,42,497.652703
-123.1968,42,497.687808
-122.998994,42,497.720712
-123.093454,41,497.75349
-123.350211,41,497.784815
-123.20791,41,497.817989
-123.339341,42,497.854789
-123.163742,41,497.887008
-123.133387,42,497.918616
-122.846507,41,497.954134
-121.470914,43,497.987629
-123.121804,43,498.022307
-122.563285,42,498.058616
-122.630558,42,498.097494
-121.88737,43,498.133494
-122.510756,43,498.168485
-122.0674,44,498.23057
-122.851982,43,498.268808
-111.101857,61,498.32135
-123.886626,43,498.356802
-124.095355,43,498.389946
-110.920013,77,498.448274
-123.906169,43,498.483076
-123.92174,43,498.516456
-125.659151,43,498.55164
-126.706693,45,498.587281
-126.820503,45,498.62186
-126.703831,45,498.65558
-127.651526,45,498.694599
-127.567334,45,498.731198
-126.134635,45,498.766472
-126.291872,45,498.802112
-126.402722,45,498.83913
-127.002392,45,498.874599
-126.341165,45,498.916492
-126.500397,45,498.956011
-126.596567,45,498.992869
-126.434287,45,499.032695
-127.054332,45,499.084386
-126.556184,45,499.14214
-126.326233,44,499.182669
-126.411529,45,499.220342
-126.182416,46,499.257757
-126.117315,44,499.295495
-126.366865,45,499.339312
-126.326381,45,499.375083
-126.153523,45,499.409984
-126.47844,45,499.44413
-126.130937,44,499.478245
-126.108242,44,499.512835
-126.521899,45,499.551564
-126.731835,45,499.587382
-126.583087,45,499.644188
-126.014766,44,499.679178
-126.284498,44,499.714015
-125.736262,43,499.74659
-123.881328,43,499.778498
-124.177507,43,499.812413
-123.928601,43,499.843986
-124.900512,43,499.877505
-123.893714,43,499.909217
-124.379542,44,499.942843
-124.051546,44,499.978734
-124.183897,44,500.012098
-123.624278,44,500.045793
-123.848552,44,500.077196
-125.496907,45,500.111029
-125.743166,45,500.144564
-125.400883,44,500.177153
-125.935244,45,500.210519
-125.843539,45,500.243966
-125.635625,45,500.277279
-123.967768,47,500.314513
-124.002687,47,500.351377
-119.366033,46,500.386109
-112.619005,146,500.484395
-111.281285,117,500.567444
-110.751869,115,500.647926
-116.068389,64,500.697818
-115.662257,66,500.745081
-114.300579,70,500.796286
-115.628455,74,500.851178
-115.345448,57,500.892039
-96.847095,98,500.962507
-99.098595,60,501.007364
-100.222688,51,501.046378
-100.281291,65,501.095192
-98.682351,76,501.150437
-96.906848,96,501.218018
-105.46496,161,501.339272
-99.223643,64,501.385683
-101.089042,50,501.540806
-99.943483,61,501.584789
-98.424191,65,501.63257
-99.360321,60,501.67626
-100.905699,71,501.727485
-99.239678,73,501.778821
-98.676122,71,501.829982
-97.060814,79,501.887034
-97.310718,77,501.946358
-101.261659,54,501.985409
-103.438433,44,502.017707
-98.396513,79,502.073706
-98.779079,63,502.121969
-98.244515,64,502.169609
-101.978558,49,502.206196
-100.936761,54,502.247099
-103.200691,43,502.282968
-98.428194,70,502.335953
-99.752552,64,502.381952
-96.956111,90,502.448253
-99.357965,60,502.494029
-98.367056,80,502.551662
-97.498391,83,502.612987
-98.511955,64,502.663463
-100.777626,56,502.7061
-98.005891,65,502.754497
-101.502796,57,502.796336
-103.511027,43,502.832599
-100.901669,60,502.877253
-99.374407,64,502.925271
-98.91756,65,502.973883
-98.129669,80,503.034365
-98.815646,89,503.100004
-100.192462,93,503.169626
-100.181275,132,503.268486
-100.097191,68,503.317788
-97.918645,93,503.387733
-104.790103,94,503.46016
-103.751072,43,503.493041
-103.835276,42,503.526137
-102.510923,50,503.563625
-100.789902,62,503.609408
-105.124378,73,503.66508
-100.65969,53,503.704678
-102.428163,59,503.752078
-100.078547,89,503.823241
-107.32036,53,503.8639
-102.400097,115,503.94954
-105.146527,62,503.997895
-100.31438,93,504.063733
-102.486435,47,504.100906
-99.130519,71,504.156642
-100.110315,70,504.209985
-102.802193,51,504.248809
-98.791261,89,504.316345
-99.8736,73,504.372581
-103.614846,44,504.405119
-103.453067,44,504.438962
-98.475433,63,504.487738
-101.416114,50,504.525694
-101.84851,51,504.566247
-103.811106,42,504.597651
-99.458159,62,504.643578
-102.823169,46,504.678593
-97.215494,96,504.749073
-100.050512,95,504.8188
-93.578252,190,504.95922
-98.790982,72,505.015111
-98.452589,72,505.07762
-100.079535,58,505.13019
-100.809907,70,505.193389
-101.739961,69,505.253299
-99.659582,89,505.323577
-97.504247,102,505.403733
-98.634377,76,505.460901
-98.976556,92,505.529389
-99.198687,69,505.581361
-98.57117,67,505.631543
-100.374601,61,505.682321
-99.41064,58,505.733654
-100.97984,61,505.784612
-100.566117,55,505.834778
-99.822059,54,505.881141
-99.323009,58,505.926579
-102.577543,39,505.957685
-102.29438,40,505.989444
-103.520039,38,506.016921
-104.977103,42,506.053174
-103.054986,38,506.087702
-101.096613,53,506.135292
-103.436091,38,506.166447
-102.177855,42,506.199794
-101.282965,47,506.234537
-101.723796,49,506.272348
-102.45582,46,506.306319
-98.472795,82,506.368654
-99.529731,92,506.436352
-100.720687,78,506.495565
-99.70927,84,506.562274
-102.479923,60,506.606257
-99.738092,112,506.689475
-98.334838,103,506.762136
-100.816461,62,506.818518
-98.575876,83,506.892542
-100.341279,75,506.952039
-99.301108,73,507.00727
-98.314404,84,507.072147
-109.960191,219,507.229455
-99.193292,73,507.28345
-97.268991,97,507.357593
-97.958436,109,507.436933
-98.530173,92,507.504928
-100.332865,62,507.550708
-105.885949,184,507.684678
-99.232915,122,507.772425
-125.240989,560,508.181248
-99.310961,88,508.247027
-99.15888,107,508.357584
-102.278601,105,508.439833
-102.223499,146,508.55125
-113.449793,359,508.810462
-100.410665,68,508.867096
-100.220224,119,508.955468
-106.836945,105,509.035495
-103.668183,259,511.036064
-103.685221,88,511.09883
-101.736087,127,511.198869
-101.527725,171,511.344218
-106.22491,60,511.399623
-130.107695,524,511.803057
-105.79366,56,511.846088
-106.491215,49,511.88366
-106.327344,52,511.925579
-107.051337,52,511.969721
-110.280511,40,512.004156
-110.349478,46,512.043837
-108.877207,39,512.072974
-111.029332,39,512.103971
-111.024063,39,512.13431
-111.411118,39,512.165803
-110.565582,48,512.202882
-110.629062,50,512.240521
-108.817831,52,512.280652
-109.738829,50,512.319445
-110.167246,39,512.349293
-111.664417,39,512.378563
-112.16535,39,512.407796
-111.611424,39,512.436558
-111.879187,39,512.466408
-110.752542,44,512.49967
-108.794215,50,512.537873
-112.535092,39,512.568742
-112.279541,39,512.599427
-111.828727,39,512.629629
-110.652499,38,512.658686
-111.876623,39,512.686499
-112.204498,38,512.71627
-112.233115,38,512.745518
-114.401289,38,512.77351
-114.27539,38,512.802899
-115.912854,39,512.833936
-114.900634,39,512.862049
-116.406609,39,512.892328
-116.07297,39,512.923377
-113.432472,37,512.952749
-113.267761,37,512.983111
-114.446634,38,513.011579
-114.405499,38,513.04113
-115.011457,38,513.070776
-115.080293,38,513.099209
-111.860484,37,513.127918
-112.663368,38,513.155821
-112.879915,37,513.184359
-111.738652,37,513.21307
-112.134004,38,513.241423
-112.658743,37,513.268367
-113.359753,38,513.297127
-112.460771,37,513.328771
-111.73508,38,513.357546
-110.471649,37,513.385453
-111.526722,38,513.415869
-109.946848,37,513.444214
-112.130442,38,513.474274
-112.356116,39,513.505098
-110.408123,38,513.534504
-112.361361,39,513.56528
-110.914467,38,513.592975
-112.235872,39,513.625272
-112.98715,39,513.656941
-112.630353,39,513.687147
-111.389746,38,513.717792
-111.336402,39,513.767413
-110.091667,40,513.802772
-109.312935,49,513.84399
-108.032361,62,513.897011
-112.172173,108,513.977384
-116.584997,139,514.081587
-113.060512,133,514.182812
-115.965439,419,514.493541
-141.335655,642,514.957689
-109.491961,411,515.258714
-106.844893,53,515.305344
-110.077074,47,515.345134
-110.008424,45,515.380429
-107.171021,52,515.421162
-106.651754,51,515.460276
-107.065815,74,515.517926
-100.428998,100,515.59255
-110.840236,87,515.661483
-103.47743,87,515.725782
-109.140277,327,515.962016
-90.229469,158,516.078256
-96.448345,82,516.13833
-97.860637,75,516.196143
-92.226738,101,516.269455
-103.618972,72,516.324011
-97.437787,63,516.37508
-102.16769,68,516.426457
-99.428955,80,516.485404
-101.634206,61,516.532132
-103.079046,65,516.583727
-102.421843,71,516.638422
-103.083043,74,516.690652
-103.651221,60,516.737242
-102.060733,92,516.808561
-105.746366,81,516.870129
-105.160177,66,516.918261
-106.428138,55,516.959653
-110.581018,39,516.990358
-108.734215,39,517.020041
-108.117513,40,517.050282
-108.449499,40,517.080635
-108.336124,40,517.112709
-105.27788,43,517.145189
-107.444515,72,517.200274
-103.899207,74,517.255374
-104.09853,81,517.316741
-104.203535,86,517.379585
-102.491154,84,517.441467
-98.792686,86,517.507516
-102.466076,80,517.570354
-102.415433,72,517.627265
-99.732759,63,517.677217
-103.925781,52,517.716187
-97.770283,91,517.783426
-96.174119,95,517.855661
-94.157816,165,517.977968
-97.724708,138,518.077136
-94.229752,186,518.211163
-108.740047,69,518.265578
-78.700794,261,518.454097
-105.833325,79,518.602021
-102.020705,105,518.681745
-94.036611,252,519.233345
-89.70014,261,519.428102
-83.689029,187,519.571359
-96.307941,95,519.641366
-101.064201,282,519.848253
-99.165537,69,519.897709
-101.300823,98,519.970487
-99.133444,89,520.037108
-101.284817,78,520.094729
-109.457277,39,520.124604
-108.293437,40,520.155656
-107.696594,45,520.198153
-105.968268,80,520.268904
-109.532946,39,520.301428
-106.99969,74,520.357062
-105.11055,52,520.394408
-105.33125,52,520.433859
-86.866448,188,520.569678
-102.206184,58,520.614887
-100.702325,67,520.663546
-101.550605,63,520.716097
-96.976395,84,520.781994
-100.529917,82,520.847738
-103.715905,61,520.892933
-92.362659,157,521.008442
-104.18925,57,521.050855
-98.445168,75,521.107604
-102.744695,155,521.221136
-100.176909,94,521.29088
-99.02557,72,521.3459
-96.154817,113,521.429342
-95.76578,281,521.627925
-106.102637,83,521.691473
-93.457835,85,521.7536
-102.790489,64,521.799104
-97.952132,79,521.858196
-95.257888,188,521.992866
-93.504257,264,522.18179
-74.857657,629,522.764105
-73.059596,525,523.19148
-62.301958,453,523.550091
-94.934704,156,523.678263
-70.44539,218,523.845946
-95.009487,108,523.928666
-104.992594,61,523.977002
-78.983334,190,524.145349
-104.459252,55,524.187539
-100.997441,63,524.234255
-97.461995,69,524.289625
-102.325254,67,524.345655
-103.328144,66,524.400099
-102.273808,58,524.444439
-102.58061,93,524.518931
-82.225667,179,524.651321
-70.200026,271,524.852478
-61.494991,422,525.174071
-63.867615,333,525.426711
-101.134243,51,525.467591
-100.655714,54,525.511124
-99.028173,71,525.566764
-99.132669,62,525.613392
-103.134579,56,525.677011
-102.851226,55,525.735727
-98.465989,61,525.852608
-101.907314,58,525.909554
-100.650566,60,525.964944
-105.717943,92,526.04044
-99.340253,62,526.091551
-99.520277,68,526.1475
-101.039559,73,526.209133
-101.390575,71,526.268333
-98.925534,93,526.397036
-100.846567,64,526.453626
-100.538,76,526.515227
-101.305089,80,526.576124
-101.639855,65,526.6262
-106.488607,60,526.676982
-95.628909,87,526.835
-54.017354,431,527.310547
-97.354819,101,527.388678
-102.275351,82,527.527006
-107.088553,57,527.572935
-103.288566,69,527.629259
-102.960943,78,527.690041
-83.917542,137,527.873654
-104.440717,53,527.915356
-102.595539,51,527.953738
-104.722901,56,528.000946
-103.931671,50,528.040614
-103.171448,50,528.082428
-104.599559,54,528.124732
-102.614345,50,528.165499
-101.367872,51,528.207595
-103.811178,52,528.249476
-101.72258,52,528.291288
-102.21145,52,528.332531
-102.321192,51,528.371321
-103.487842,45,528.427448
-102.867653,49,528.470082
-102.039144,50,528.515737
-102.926023,51,528.556881
-102.967397,50,528.597494
-100.873258,54,528.642647
-102.304326,52,528.683148
-102.842043,59,528.730846
-102.85967,51,528.769736
-102.055532,48,528.807866
-102.672311,51,528.850302
-102.538108,51,528.890529
-101.605084,57,528.936618
-100.35962,76,528.995697
-102.646485,53,529.03498
-100.937788,67,529.100712
-101.063345,71,529.163683
-102.683866,57,529.205995
-102.535491,73,529.261525
-105.846713,55,529.303398
-104.880116,74,529.360675
-102.699147,75,529.416715
-101.043064,76,529.474907
-102.750414,70,529.527529
-102.855092,53,529.571185
-104.013098,55,529.614747
-104.169506,63,529.661914
-103.909361,69,529.71633
-104.760895,61,529.763604
-103.090273,63,529.812834
-101.034648,56,529.85717
-102.39403,49,529.895574
-103.826581,49,529.933238
-103.496071,56,529.975668
-101.93555,52,530.014326
-101.339235,52,530.055027
-125.611956,113,530.137244
-113.730838,51,530.176652
-111.756362,61,530.224914
-113.631367,46,530.260179
-111.621294,42,530.292197
-109.083505,135,530.388816
-111.723346,88,530.454693
-111.441509,43,530.486304
-119.17033,94,530.556701
-107.696387,44,530.591655
-107.813764,43,530.624388
-106.408554,46,530.659965
-105.736502,50,530.697498
-110.788256,120,530.786573
-106.839396,67,530.83566
-105.031206,55,530.877359
-110.978199,41,530.909567
-114.209799,46,530.946215
-111.601638,52,530.987259
-100.659676,55,531.02918
-113.682499,53,531.06981
-112.989179,46,531.103817
-111.425683,47,531.140127
-112.499299,46,531.175197
-111.83124,43,531.208808
-112.134828,45,531.244292
-107.906262,34,531.27136
-107.818628,33,531.297392
-103.008247,76,531.355156
-103.701135,92,531.422715
-102.244794,71,531.473602
-103.941225,57,531.517521
-110.027408,55,531.562584
-236.560477,1538,533.05494
-128.858526,1600,535.487533
-112.65554,39,535.535308
-111.802837,39,535.573233
-111.662262,41,535.615503
-112.567249,40,535.686803
-112.847814,39,535.750282
-113.505615,40,535.798662
-114.023936,40,535.838212
-123.067961,127,535.977693
-113.94421,85,536.046321
-110.846464,54,536.093687
-126.283914,92,536.178646
-109.39885,67,536.252435
-116.36298,81,536.327874
-197.407231,996,537.77145
-115.370385,97,537.909733
-118.396428,83,537.978356
-111.114471,57,538.027322
-107.807529,89,538.10298
-108.274598,41,538.139832
-113.520746,113,538.23386
-110.063759,80,538.302307
-124.222575,137,538.421729
-114.266194,47,538.459617
-233.363858,1397,539.736988
-114.597889,34,539.771959
-118.957764,69,539.843866
-118.691214,40,539.888085
-123.532865,44,539.928657
-123.007707,44,539.968036
-122.296724,44,540.005229
-110.915943,39,540.040233
-118.298576,65,540.095315
-117.650693,66,540.149973
-118.299264,65,540.207416
-121.58789,44,540.24551
-115.660814,35,540.276211
-117.009552,37,540.312633
-115.852019,36,540.345616
-114.054825,34,540.375142
-114.192613,34,540.401044
-114.434204,34,540.432778
-114.021221,33,540.46108
-113.901337,33,540.488995
-111.677339,32,540.516827
-111.231959,31,540.547782
-118.884836,74,540.606116
-132.698887,126,540.729462
-107.79802,49,540.812818
-108.339707,54,540.911726
-110.809582,33,540.972852
-112.241959,31,541.023687
-110.700383,32,541.141775
-131.869193,139,541.325516
-114.708388,34,541.380878
-111.003688,33,541.466897
-111.618361,33,541.529926
-110.977628,31,541.680736
-148.860299,1600,544.751048
-129.685949,1600,546.661945
-128.398931,93,546.764811
-124.191654,104,546.885793
-131.702498,125,547.035118
-112.357331,33,547.110621
-114.378176,61,547.192434
-116.320588,36,547.244753
-124.080559,43,547.347658
-119.460123,42,547.416676
-121.24459,44,547.472795
-117.895624,40,547.524956
-118.423938,41,547.607256
-118.46438,41,547.654563
-120.923729,43,547.703405
-120.527948,43,547.762284
-120.2117,43,547.810754
-117.321778,39,547.85566
-122.842394,44,547.912532
-122.324539,44,547.960235
-119.543688,42,548.00167
-114.945623,37,548.046972
-114.11521,36,548.092394
-120.602294,43,548.142723
-122.240489,44,548.199735
-118.368425,40,548.245507
-122.513217,44,548.294991
-122.031243,44,548.346038
-122.386492,44,548.394607
-122.239611,44,548.443546
-122.333791,44,548.544002
-119.011923,41,548.591253
-121.640903,44,548.64771
-121.659372,44,548.708099
-119.780098,42,548.754094
-122.343973,44,548.804762
-122.093468,44,548.853511
-122.265469,44,548.909986
-122.129535,44,548.986034
-122.03739,44,549.035965
-117.572634,39,549.077194
-116.866478,39,549.11671
-120.73501,43,549.163295
-121.857491,44,549.210979
-119.01233,42,549.260061
-117.406143,40,549.323172
-117.658887,40,549.373085
-121.695569,43,549.436319
-123.540348,45,549.481808
-123.337143,44,549.52693
-117.137419,39,549.568196
-123.709219,44,549.649253
-122.045508,44,549.693557
-118.44038,41,549.753222
-122.275412,44,549.80872
-121.316494,44,549.857346
-121.103056,44,549.909512
-120.390951,43,549.954001
-119.243955,42,549.998149
-122.807825,44,550.045373
-117.033046,39,550.085278
-117.4906,40,550.12735
-121.048136,44,550.17106
-121.883652,44,550.212804
-122.200882,44,550.256904
-121.474909,44,550.453404
-122.38818,44,550.511771
-122.789409,44,550.558991
-116.700572,38,550.599688
-120.909915,43,550.645537
-118.375408,40,550.699945
-120.932621,43,550.752391
-121.382288,43,550.799953
-122.181144,44,550.850281
-122.548738,44,550.907507
-122.584571,44,550.952927
-122.429991,44,551.005812
-120.533206,43,551.065946
-122.582994,44,551.113111
-122.153169,44,551.160138
-122.396721,44,551.208833
-120.51247,43,551.260111
-122.60971,44,551.312551
-122.561973,44,551.373724
-122.495789,44,551.418111
-123.027444,44,551.467839
-122.877591,44,551.52817
-117.841853,40,551.572914
-122.791402,44,551.616609
-122.344191,43,551.66812
-122.546931,44,551.71479
-122.738657,44,551.762092
-122.05674,43,551.800934
-122.505377,44,551.841184
-122.537135,44,551.887718
-116.072888,38,551.92256
-120.435404,43,551.963166
-122.035488,44,552.011267
-122.111872,44,552.053166
-115.013327,37,552.087655
-118.72056,41,552.135286
-117.706054,40,552.174057
-117.58891,40,552.211894
-115.379166,37,552.248269
-115.229026,37,552.284172
-120.363553,43,552.325425
-115.104231,37,552.362097
-115.937413,38,552.410053
-115.84125,38,552.44591
-115.726589,38,552.484541
-115.778179,38,552.518534
-116.53437,39,552.554736
-120.026094,43,552.594564
-116.656999,39,552.641699
-116.945437,39,552.715373
-116.157083,38,552.752347
-116.687817,39,552.788406
-116.925888,39,552.826644
-121.442888,44,552.866714
-120.127133,43,552.912902
-116.905853,39,552.9494
-118.451104,41,552.986235
-120.080609,43,553.035721
-116.774954,39,553.071856
-117.708178,40,553.116325
-117.342406,40,553.158708
-116.248995,38,553.196301
-114.119946,36,553.233717
-122.127784,44,553.283574
-121.139887,43,553.33209
-115.153738,37,553.368358
-118.087917,41,553.406302
-121.116845,44,553.454168
-120.899916,44,553.4959
-119.528162,43,553.53515
-120.448508,44,553.576138
-122.163134,44,553.652666
-122.118503,44,553.703602
-120.752175,44,553.744909
-123.081625,43,553.784793
-123.613127,44,553.837542
-121.452117,44,553.880411
-122.355022,43,553.920804
-122.178049,43,553.968217
-120.888135,44,554.008581
-121.329428,44,554.049319
-121.676877,45,554.089476
-121.111492,44,554.128903
-122.194701,44,554.168959
-116.376324,37,554.21127
-114.359063,35,554.24848
-113.405528,34,554.278396
-114.034934,34,554.365142
-117.261704,38,554.400566
-114.669323,35,554.432888
-116.324274,37,554.465189
-112.505279,35,554.49732
-114.883736,38,554.530162
-119.91751,55,554.574363
-108.199448,54,554.619335
-114.886461,67,554.671625
-114.821701,1600,556.003582
-125.188048,47,556.040635
-126.889416,47,556.081268
-114.932157,1600,557.353193
-127.233985,49,557.39264
-115.045974,48,557.440568
-126.364831,47,557.484893
-127.601527,47,557.535424
-119.814848,43,557.57622
-125.650546,50,557.621964
-127.646706,47,557.670675
-127.166623,50,557.717438
-127.860527,50,557.765052
-124.774267,49,557.821689
-126.180869,49,557.870757
-124.419173,50,557.915855
-123.822068,49,557.95765
-125.607017,46,558.006494
-124.979829,46,558.047706
-124.420423,47,558.086696
-124.246923,46,558.127551
-123.47133,48,558.182342
-124.326693,48,558.231437
-123.812925,48,558.275383
-123.224739,49,558.36615
-114.429477,40,558.400084
-123.435334,48,558.441886
-123.987893,47,558.489107
-124.551511,47,558.528848
-124.080867,46,558.57085
-111.935268,36,558.615511
-112.154945,35,558.658615
-120.543138,44,558.700595
-113.002311,36,558.739506
-113.82468,36,558.774904
-119.946872,44,558.817852
-118.117007,41,558.86762
-121.415827,45,558.91311
-121.51623,45,558.960602
-115.979101,39,558.997346
-121.913546,48,559.062479
-119.141002,44,559.12257
-121.526901,46,559.180726
-117.03015,41,559.239773
-122.471709,47,559.294102
-121.952655,46,559.347981
-115.569462,39,559.387974
-115.601652,39,559.430671
-122.359453,47,559.479781
-119.992515,44,559.52822
-122.112655,45,559.572098
-115.716603,39,559.610121
-117.804574,40,559.652527
-118.312281,42,559.695218
-113.283554,38,559.742948
-113.271165,39,559.779279
-122.04587,46,559.821391
-121.639089,47,559.874416
-113.606796,39,559.92733
-114.013193,39,559.968162
-112.06717,38,560.006549
-116.225737,40,560.047558
-111.865768,39,560.085045
-112.35792,39,560.12417
-112.318132,39,560.199933
-113.356611,38,560.360302
-110.954275,38,560.398649
-113.443415,39,560.437607
-111.705692,38,560.470954
-113.040336,37,560.505297
-111.047478,37,560.538551
-110.776313,37,560.673015
-110.636963,38,560.70719
-113.073964,38,560.744659
-113.205212,38,560.777382
-114.021237,37,560.812798
-114.045736,38,560.850282
-112.092715,38,560.890906
-111.12369,39,561.006637
-108.322518,41,561.043947
-107.34631,40,561.077612
-108.063225,38,561.111494
-109.306628,38,561.145787
-111.37467,132,561.26194
-102.862723,72,561.334676
-126.396255,165,561.473737
-104.899052,64,561.53082
-105.139356,111,561.630606
-105.08266,94,561.712612
-184.191247,1209,562.761565
-135.87024,1600,564.451287
-78.958249,1600,565.892501
-102.366866,62,565.951116
-105.710739,117,566.053274
-100.91083,212,566.240764
-102.014546,79,566.310471
-102.909464,74,566.382316
-100.031178,92,566.464899
-100.068084,88,566.541527
-102.504761,99,566.633037
-107.299021,54,566.682509
-99.579383,75,566.748059
-98.791573,79,566.820714
-99.967063,78,566.889072
-99.220908,75,566.956335
-98.508057,79,567.02565
-101.074142,60,567.080645
-100.28335,80,567.152091
-97.074528,87,567.228054
-106.637441,57,567.276205
-97.272656,82,567.351612
-105.087371,70,567.412102
-102.534879,83,567.481551
-101.324011,103,567.570786
-98.670066,88,567.644311
-101.971602,91,567.721353
-98.577479,93,567.799885
-100.358636,68,567.859128
-99.273287,68,567.917087
-97.53477,74,567.979696
-98.485848,69,568.039194
-103.592749,54,568.082612
-102.334528,58,568.128743
-102.149189,63,568.181459
-103.679164,60,568.229364
-96.599511,493,568.622303
-100.643461,70,568.685592
-96.692325,77,568.755039
-97.506841,77,568.819842
-97.012513,74,568.884747
-103.158149,50,568.929147
-98.304628,66,568.986875
-96.306067,75,569.046361
-98.507637,77,569.109167
-99.013225,93,569.190797
-94.629402,97,569.269809
-83.858003,268,569.499381
-98.888608,67,569.554829
-103.195795,50,569.74956
-99.445875,65,569.802708
-97.781247,69,569.859415
-103.466187,52,569.905269
-100.419899,63,569.958268
-104.504572,57,570.012381
-104.319657,64,570.070314
-103.347078,51,570.11233
-98.001398,84,570.185384
-98.966056,69,570.24386
-93.735498,110,570.3372
-93.620426,156,570.460754
-100.482132,112,570.549924
-59.648083,393,570.922461
163.734407,1600,572.202154
7.26135,1218,573.191505
-104.390841,68,573.254064
-100.940419,120,573.358783
-114.261515,98,573.436605
107.117268,1600,574.803655
114.983338,1600,576.117032
-104.41149,67,576.170818
-105.370574,69,576.228466
117.404729,1600,577.633069
111.542641,1600,582.245959
-104.446579,57,582.295793
95.711362,1600,583.579088
87.738043,1600,586.375617
-106.71101,43,586.462088
-38.778797,1159,588.044546
-97.240442,264,588.377698
-102.487338,84,588.456579
-104.133424,120,588.574311
-37.57849,1600,589.962385
25.992739,1600,591.219435
-59.747455,1600,593.718483
-59.291737,1600,595.260286
-122.62019,47,595.30081
-122.740664,47,595.339254
-121.011236,45,595.376276
-122.616742,47,595.415818
-122.641908,47,595.456919
-122.676118,47,595.495899
-122.7239,47,595.53373
-118.333441,42,595.571899
-118.561221,42,595.606855
-117.674974,41,595.641762
-117.010833,40,595.675706
-111.812064,69,595.735297
-117.859236,41,595.768726
-119.27575,43,595.804817
-119.480956,43,595.844062
-119.467038,43,595.878739
-122.836398,47,595.917743
-120.364526,44,595.95388
-120.317671,44,595.990482
-91.098553,1600,597.321182
-122.070714,1600,598.679458
-115.497256,1600,599.968316
-121.757975,1600,601.329262
-117.710034,1600,602.668974
-111.028711,1600,603.925987
-65.640703,1600,605.199655
-3.087643,1600,606.440416
-53.352143,1600,607.732134
-102.768202,1600,609.015569
-98.443396,1600,613.81998
-108.951882,1600,615.882372
-100.210576,1600,617.998623
-100.455406,1600,619.890682
-89.083462,1600,621.46768
-100.683131,1600,622.816082
-98.736833,1600,627.31396
-95.197583,1600,628.649629
-101.074842,1600,629.913208
-98.965005,1600,631.153633
-102.548045,1600,632.403158
-97.553528,1600,633.768814
-98.644407,1600,635.102713
-96.084308,1600,639.924669
-113.169125,35,639.953875
-101.535815,1600,641.414753
-97.527265,1600,642.674091
-98.086315,1600,644.155762
-98.317572,1600,645.530226
-96.745007,1600,646.818117
-101.103643,1600,651.200466
-102.86697,1600,652.43107
-98.430551,1600,653.751577
-96.960397,1600,655.04565
-94.372541,1600,656.305923
-95.145074,1600,657.659006
-95.145566,1600,662.218694
-95.807968,1600,663.506449
-95.683622,1600,664.817285
-98.602383,1600,666.17636
-96.410948,1600,667.644658
-101.852161,1600,669.00229
-98.392902,1600,673.731786
-124.055832,76,673.793813
-96.925943,1600,675.09937
-100.161474,1600,676.322845
-95.397315,1600,677.56169
-100.078813,1600,678.954439
-193.466177,1322,680.059825
-155.716573,1225,681.039173
-138.034291,409,681.373711
-112.234459,189,681.767727
-118.673063,226,681.947119
-109.433236,170,682.090401
-143.190395,1600,683.385148
-106.058658,1600,684.657387
-123.119731,1600,686.004795
-118.69939,1600,687.309624
-105.353756,1600,688.585478
-85.606575,1600,693.998567
-113.56996,1600,695.555304
-103.147251,1600,697.158203
-95.080389,1600,698.706644
-100.648681,1600,700.384136
-97.917692,1600,701.843158
-116.763257,1600,703.293168
-120.273375,44,703.33227
-122.627188,1600,704.845564
-145.363537,1600,706.520473
-140.62985,1600,708.27208
-150.509166,1600,709.92046
-125.119721,1600,711.406705
-113.35163,44,711.453702
-116.745219,45,711.506534
-120.442365,47,711.566279
-115.64302,43,711.611361
-127.137476,1600,714.838317
-147.937455,1600,720.580322
-152.667497,1600,722.056861
-122.164998,1600,723.499704
-118.884173,48,723.547474
-127.785018,45,723.591096
-125.923513,48,723.632421
-131.842734,1600,724.963922
-127.043747,49,725.003739
-136.954812,1600,726.4444
-133.745466,1600,727.819743
-123.769397,49,727.866092
-125.900895,50,727.912707
-125.95031,51,727.95692
-112.085663,105,728.05005
-130.719677,1600,731.297908
-126.3504,43,731.332443
-125.546514,46,731.370189
-127.991119,50,731.411863
-126.021861,51,731.451915
-127.925747,49,731.503075
-121.317273,48,731.562799
-124.582729,51,731.612377
-138.036013,1600,732.918786
-112.165599,54,732.961185
-117.216768,43,732.995861
-136.12477,1600,734.272223
-140.719726,1600,735.549445
-125.928378,51,735.591008
-124.175659,43,735.627358
-123.888371,49,735.665814
-126.542199,49,735.707942
-124.528012,48,735.745367
-114.663384,43,735.781733
-117.181771,43,735.814385
-125.825935,43,735.851198
-126.293082,51,735.890691
-127.472225,50,735.931577
-118.056873,44,735.968575
-118.340654,44,736.004777
-124.880205,50,736.044455
-126.408339,44,736.08302
-125.164517,45,736.118979
-110.64407,96,736.192709
-110.93042,139,736.30238
-124.878675,50,736.342303
-125.198633,50,736.380448
-126.292856,50,736.421034
-112.812481,54,736.462774
-119.215232,44,736.504702
-124.266638,50,736.550547
-121.8461,48,736.59413
-116.291943,44,736.631391
-112.649638,55,736.674831
-111.974741,150,736.785768
-126.293421,48,736.823602
-123.014445,49,736.863266
-118.248788,44,736.909771
-122.29521,47,736.951498
-120.372536,45,736.98899
-125.891683,1600,738.320421
-122.263462,1600,742.912509
-116.96317,1600,744.126751
-115.870279,1600,745.37857
-115.358721,1600,746.593248
-117.776156,1600,747.816557
-123.956691,1600,749.133927
-110.032112,1600,753.24819
-111.576588,134,753.350913
-134.377396,474,753.692211
-114.211741,165,753.81135
-111.074612,123,753.900737
-129.694383,325,754.139061
-134.935889,168,754.267065
-132.979036,198,754.414963
-115.855139,181,754.55313
-110.102969,60,754.600077
-110.241185,59,754.645971
-110.147128,58,754.68952
-110.194798,56,754.733021
-117.64287,291,754.967021
-111.904877,114,755.05489
-108.518315,108,755.13831
-109.64323,67,755.189233
-109.733566,83,755.254211
-110.257758,71,755.309453
-113.757362,38,755.341358
-111.308712,56,755.386726
-118.576137,183,755.526785
-130.531073,118,755.619078
-134.348584,123,755.720805
-130.543227,112,755.814645
-127.455009,102,755.897554
-110.126176,1600,757.122719
-123.359294,1600,758.324509
-116.539169,1600,759.681171
-118.455021,1600,764.181455
-126.145096,1600,765.444067
-121.328412,1600,766.766113
-116.455773,1600,768.029971
-111.433908,1600,769.273291
-124.176466,1600,770.528661
-121.660935,1600,775.19338
-131.720784,1600,776.461348
-144.021325,1600,777.741762
-114.556272,128,777.83899
-116.425487,148,777.949944
-185.126622,1600,779.149274
-118.200395,156,779.276491
-116.845968,140,779.382108
-116.6581,148,779.498268
-112.605778,127,779.599066
-117.752125,162,779.72495
-109.842661,114,779.817272
-108.232951,90,779.893622
-202.590461,913,780.673374
-128.56284,45,780.710509
-114.825187,1600,781.973301
-126.402032,46,782.016904
-127.586664,45,782.059013
-123.943161,45,782.0987
-129.311267,46,782.149504
-128.249482,49,782.213661
-121.639501,48,782.259311
-120.830919,47,782.29993
-127.868612,46,782.337018
-128.736435,46,782.377113
-128.07417,49,782.423414
-113.681398,71,782.490236
-127.892076,46,782.529664
-128.648678,46,782.566677
-128.524025,50,782.60617
-127.861751,46,782.644033
-128.564411,46,782.681846
-126.852262,52,782.725483
-127.860665,50,782.765776
-129.715823,47,782.803462
-128.002361,46,782.84101
-128.174491,46,782.877079
-126.210008,46,783.015379
-126.337872,46,783.053422
-128.254441,46,783.090369
-128.85807,46,783.126915
-128.104294,46,783.165387
-140.415645,1600,784.407735
-128.694678,47,784.446458
-125.638265,53,784.488932
-128.969877,47,784.528589
-117.997425,46,784.569107
-148.005895,1600,785.839485
-144.410785,1600,787.101235
-136.332114,1600,788.345255
-130.697643,1600,789.627384
-103.849581,1600,790.856239
-106.813277,78,793.376483
-111.4508,49,793.413525
-111.732161,50,793.454495
-112.655495,49,793.49509
-113.015482,48,793.535353
-114.113427,51,793.576684
-113.084625,51,793.618144
-112.108704,51,793.657999
-113.487289,47,793.698729
-113.473141,50,793.741098
-113.70753,50,793.781849
-113.360226,46,793.818357
-112.002255,49,793.858294
-112.67682,49,793.898901
-113.162121,45,793.935889
-110.270646,52,793.97489
-130.411893,133,794.084417
-116.382278,76,794.146516
-108.019501,1600,795.419905
-119.86701,96,795.49812
-101.287062,1600,796.719507
-112.098917,50,796.75967
-97.816493,1600,798.003724
-105.377225,1600,799.261567
-151.431205,333,799.519903
-110.05546,48,799.559912
-126.930307,1600,800.804245
-109.362229,67,800.859578
-116.109283,72,800.914838
-98.874501,1600,802.981454
-113.974778,46,803.017816
-101.827321,1600,804.254756
-96.184858,1600,805.414011
-97.608081,1600,806.547682
-100.086443,1600,807.765484
-100.274736,1600,809.144503
-109.202443,50,809.185574
-115.67046,72,809.243686
-96.139854,1600,813.674391
-95.370865,1600,814.950311
-104.098759,1600,816.187513
-109.341189,1600,817.459753
-105.742756,1600,818.723602
-110.845964,87,818.794345
-100.024059,1600,820.037049
-104.581139,1600,823.07283
-138.123012,1600,824.277812
-136.513214,1600,825.48924
-136.339309,1600,826.831588
-136.460622,1600,828.071009
-101.852784,1600,829.303099
-94.567932,1600,833.527465
-82.458249,1600,834.76278
-95.379532,1600,836.020521
-65.767006,1600,837.250485
-64.021256,1600,838.481869
-123.966324,1600,839.843369
-175.967756,1008,840.759278
-119.649205,93,840.83043
-120.755949,68,840.884945
-106.429182,60,840.934332
-121.879313,136,841.039947
-103.864087,66,841.090636
-109.863791,79,841.154586
-106.480653,68,841.20839
-114.523614,74,841.264177
-103.368723,62,841.440255
-103.386063,79,841.504003
-109.196836,80,841.566782
-102.253662,58,841.612238
-119.12863,78,841.673834
-114.559838,78,841.733275
-106.033919,60,841.781829
-106.864424,67,841.837693
-110.222902,85,841.901277
-105.767592,71,841.957675
-103.707222,67,842.010026
-120.434761,81,842.073992
-105.742792,72,842.12899
-114.670952,266,842.336806
-107.077864,139,842.465574
-108.239093,78,842.546526
-102.843542,76,842.61218
-108.65681,90,842.688173
-109.392688,54,842.732162
-98.436826,103,842.815742
-106.476827,1600,844.071653
-109.248855,143,844.19445
-100.117988,72,844.261253
-103.201048,70,844.316724
-102.574225,75,844.377359
-106.706341,127,844.4803
-104.48521,71,844.537237
-107.030416,71,844.597082
-105.762678,87,844.666765
-99.572223,81,844.731719
-111.407087,1600,845.966608
-98.200634,1600,847.239748
-138.545851,1600,848.519907
-106.498345,1600,852.843063
-107.386777,1600,854.069433
-111.946713,1600,855.325816
-87.795155,1600,856.539715
-70.695357,1600,857.746068
-62.705596,1600,858.975939
-71.125232,1600,863.188336
-71.630872,1600,864.407192
-70.844284,1600,865.624232
-66.360558,1600,866.833074
-68.024649,1600,868.023643
-77.893947,1600,869.233195
-78.975451,1600,870.539465
-70.71382,1600,874.536298
-65.743314,1600,875.716497
-91.423193,1600,876.941633
-60.68955,1600,878.150123
-58.240195,1600,879.370509
-69.117546,1600,880.60879
-116.772876,408,880.912352
-71.699102,1600,885.09108
-103.390382,1600,886.279943
-66.383187,1600,887.542117
-91.270663,1600,888.76412
-72.051649,1600,889.971907
-94.129941,1600,891.177364
-60.928516,1600,895.345933
-70.515861,1600,896.575544
-184.794589,1174,897.500304
-187.168106,1470,898.785538
-105.871441,70,898.846928
-104.899754,67,898.903673
-105.723821,62,898.959627
-103.592054,69,899.024417
-102.512866,65,899.0842
-106.116936,71,899.140657
-107.070245,69,899.204423
-105.066682,68,899.265662
-106.993738,69,899.32186
-99.486529,1600,900.714424
-68.065872,1600,902.081804
-67.147684,1600,907.245245
-58.326737,1600,908.772966
-58.705475,1600,910.287831
-67.386402,1600,912.168466
-53.262014,1600,913.618334
-56.576505,1600,915.029897
-67.854337,1600,920.357677
-61.907332,1600,921.899181
-62.817648,1600,923.271554
-69.21601,1600,924.738213
-76.235468,1600,926.173732
-105.459094,1600,927.669179
-79.109928,1600,930.402959
-72.48415,1600,936.068242
-68.079138,1600,937.60187
-84.107212,1600,939.288631
-59.009172,1600,940.644599
-65.557259,1600,942.207182
-57.257025,1600,943.777452
-70.56464,1600,948.602997
-68.228606,1600,950.026317
-63.067966,1600,951.455334
-64.13,1600,952.808436
-78.350546,1600,954.158519
-66.265092,1600,955.465963
-66.261713,1600,959.866251
-70.851888,1600,961.163572
-79.038834,1600,962.472312
-66.404604,1600,963.817223
-44.192857,1600,965.130831
-53.017949,1600,966.403991
-44.729576,1600,970.91728
-47.172927,1600,972.199085
-58.370333,1600,973.591858
-44.867436,1600,975.020033
-84.871067,1600,976.334724
-118.897806,708,976.92314
50.374693,1600,978.250434
-105.343421,1284,980.06139
41.723181,1600,981.30274
64.087783,1600,982.573268
-53.901595,1600,983.953811
-101.626626,1600,985.434565
-126.922197,1600,986.822488
-96.230516,1600,988.131552
-37.513931,1600,992.186685
-74.408755,1600,993.481173
-82.366974,1600,994.819465
-114.739115,49,994.861555
-117.738876,1600,996.151666
-120.223641,1600,997.433874
-120.230401,50,997.475758
-112.976933,47,997.515574
-126.072998,1600,998.794665
-115.861728,49,998.832951
-115.312864,49,998.875576
-115.445763,49,998.914667
-128.101708,56,998.959551
-125.210007,1600,1000.392734
-117.367096,49,1000.430936
-116.911756,49,1000.474178
-114.717347,50,1000.514499
-116.760756,50,1000.558878
-114.291676,47,1000.596326
-115.068589,49,1000.63447
-114.265777,47,1000.672082
-115.507832,50,1000.719961
-114.343672,48,1000.764366
-112.710313,50,1000.81101
-115.076954,46,1000.847099
-113.32569,49,1000.886904
-92.982957,1600,1002.205252
-107.432155,1600,1003.528386
-109.910868,1600,1004.909087
-123.725155,50,1004.949279
-108.072108,1600,1006.393136
-105.487219,84,1006.462407
-105.858799,1600,1010.936923
-133.770679,1600,1012.211139
-131.222449,1600,1013.529278
-128.52373,48,1013.568265
-128.13003,1600,1014.921416
-118.425581,47,1014.963764
-117.525288,1600,1016.255135
-97.401088,1600,1017.567078
-100.681636,1600,1018.843648
-102.965336,1600,1023.322061
-100.577951,1600,1024.706429
-101.015849,1600,1025.967487
-95.532207,1600,1027.308878
-82.158823,1600,1028.855219
-93.492519,1600,1030.262703
-76.481784,1600,1034.728427
-70.60743,1600,1035.975845
-101.966983,1600,1037.289936
-97.286585,1600,1038.580818
-105.055211,1600,1039.894387
-112.639327,122,1039.993858
-127.100627,1600,1041.451433
-134.522475,1600,1046.920424
-125.938751,1600,1048.513095
-175.658798,1108,1049.643064
-95.789066,1600,1051.153998
-108.641847,1600,1053.400551
-114.118715,1600,1055.29576
-117.134372,1600,1056.847216
-116.600432,1600,1062.537827
-110.21589,1600,1063.983186
-110.910178,1600,1065.578059
-104.953758,1600,1067.553019
-99.934114,73,1067.620284
-100.543842,74,1067.689692
-98.837797,85,1067.76616
-99.291058,82,1067.87689
-98.901138,83,1067.99347
-103.293159,1600,1069.858026
-98.14503,92,1069.952203
-98.212309,86,1070.031724
-121.907805,127,1070.142547
-108.704038,1600,1076.705111
-108.030183,1600,1078.322162
-109.517811,125,1078.445353
-124.498999,263,1078.690836
-119.995868,1600,1080.264828
-120.548793,104,1080.374681
-118.420049,113,1080.474941
-110.313531,1600,1082.213213
-119.291728,1600,1083.903246
-117.344331,1600,1085.58038
-120.964794,1600,1090.978719
-105.744455,1600,1092.473788
-101.32366,76,1092.544166
-122.11689,104,1092.644366
-124.311961,1600,1094.005054
-120.407975,1600,1095.346108
-119.785134,1600,1096.706135
-218.038805,1554,1098.236325
-159.605614,1600,1101.382243
-162.210174,1600,1102.71169
-173.575033,542,1103.377018
-161.368142,1600,1104.926957
-151.892007,1600,1106.436694
-151.150941,1600,1108.073279
-156.468921,1600,1109.559057
-172.721308,546,1110.057027
-237.87706,1232,1112.361548
-142.352253,209,1112.565725
-171.081316,1600,1114.462381
-244.524399,1324,1115.710917
-141.254944,197,1115.889231
-152.668137,308,1116.168237
-208.068059,886,1116.986035
-179.234154,1600,1118.478394
-192.042372,721,1119.143823
-198.253895,815,1119.918604
-151.172155,297,1120.1918
-152.651046,316,1120.49322
-242.066272,1278,1121.651478
-145.216919,1600,1127.547532
-139.813905,1600,1129.327276
-144.097818,1600,1131.104471
-140.213523,1600,1132.797767
-140.043511,1600,1134.636132
-148.095372,1600,1136.34858
-147.271216,1600,1141.796943
-142.109504,1600,1143.677266
-148.721914,1600,1145.431159
-145.32463,1600,1147.191794
-167.391052,1600,1148.724543
-152.782688,1600,1150.195297
-148.59916,1600,1154.812089
-148.414624,1600,1156.192987
-147.881921,1600,1157.626293
-156.428993,1600,1159.320533
-151.005508,1600,1160.959166
-149.888368,1600,1162.348043
-154.278416,1600,1170.621916
-228.782652,1156,1171.897986
-160.413676,1600,1173.346184
-217.041923,1020,1174.607019
-167.237944,1600,1176.536648
-161.241733,1600,1178.372639
-152.890032,1600,1179.914532
-144.150577,1600,1184.963708
-143.289707,1600,1186.544079
-149.859908,1600,1188.339757
-149.404582,1600,1193.739337
