#{"t_start": 1733529361.793109, "env_id": "BipedalWalker-v3"}
r,l,t
-103.386006,90,74.223604
-103.332735,90,74.251574
-103.910739,92,74.278767
-103.062759,85,74.303981
-103.593832,88,74.331422
-114.812168,100,143.418445
-114.934215,97,143.446695
-114.645317,97,143.473942
-114.807238,97,143.502397
-143.096354,232,143.565412
-73.189667,1600,213.970671
-75.644403,1600,214.393478
-67.717304,1600,214.830216
-75.676725,1600,215.254573
-73.607208,1600,215.680588
-120.237771,56,294.476675
-120.228604,56,294.495449
-120.119131,56,294.513726
-119.947142,56,294.532701
-120.138961,56,294.550829
-42.4694,1600,375.521565
-122.277324,97,375.553805
-125.377122,140,375.598687
-52.219773,1600,376.082964
-122.761525,99,376.115696
-74.335119,1600,456.618743
-76.134561,1600,457.153528
-75.77952,1600,457.650962
-64.263463,1600,458.135974
-59.321998,1600,458.602999
-133.513113,152,565.320955
-35.099343,1600,565.803699
-39.647534,1600,566.304649
-51.505828,1600,566.790497
-39.420865,1600,567.288143
-47.314772,1600,679.07505
-48.796522,1600,679.661741
-35.374857,1600,680.182617
-34.155873,1600,680.710671
-34.25471,1600,681.242164
-120.628678,74,792.691329
-124.375807,171,792.744559
-119.109414,69,792.768624
-119.075001,69,792.792443
-119.930704,72,792.817357
-62.681782,1600,910.178358
-56.192354,1600,910.718062
-58.088474,1600,911.247062
-112.185479,110,911.28379
-121.708864,210,911.351011
-38.693223,1600,1033.941014
-46.145895,1600,1034.498138
-40.45964,1600,1035.048501
-48.316096,1600,1035.582545
-41.53446,1600,1036.109082
-78.892961,1600,1163.21523
-48.371754,1600,1163.721195
-52.686081,1600,1164.244114
-54.259966,1600,1164.745369
-57.115906,1600,1165.245169
-74.775862,1600,1275.876086
-55.311282,1600,1276.3547
-59.955357,1600,1276.827579
-57.966279,1600,1277.363982
-42.911055,1600,1277.869615
-97.666688,1600,1385.56224
-99.365662,1600,1386.051912
-99.092252,1600,1386.541635
-87.497242,1600,1387.038488
-69.566314,1600,1387.502898
-178.746473,1080,1484.202989
-141.626956,455,1484.341175
-120.797564,1600,1485.060364
-143.62163,479,1485.25409
-149.320424,504,1485.417838
-128.916534,115,1586.291803
-127.182728,109,1586.329332
-131.58365,121,1586.372035
-119.664819,75,1586.398369
-132.539064,123,1586.440086
-75.287339,1600,1683.306038
-62.536633,1600,1683.894751
-63.824471,1600,1684.4535
-75.191944,1600,1685.057109
-73.668338,1600,1685.627296
-74.952648,1600,1782.968276
-77.551141,1600,1783.451417
-77.047284,1600,1783.943295
-77.739055,1600,1784.515813
-78.181385,1600,1785.062834
-46.834494,1600,2057.104498
-44.78772,1600,2060.110918
-44.474799,1600,2062.945657
-47.938051,1600,2065.820579
-43.776137,1600,2068.800108
-59.334777,1600,2667.240157
-60.207521,1600,2670.551608
-54.995414,1600,2673.656377
-59.696914,1600,2676.75875
-56.735768,1600,2679.872659
-45.52548,1600,3254.505407
-47.833385,1600,3254.920711
-58.363889,1600,3255.356373
-69.318182,1600,3255.78509
-40.479766,1600,3256.194077
-35.853919,1600,3336.381712
-34.631485,1600,3336.750118
-120.483111,125,3336.780738
-126.652189,114,3336.809356
-35.454543,1600,3337.183583
-37.566923,1600,3424.777328
-31.871181,1600,3425.28185
-36.992461,1600,3425.739987
-133.16075,184,3425.798289
-35.371289,1600,3426.25216
-41.414122,1600,3510.830936
-37.806058,1600,3511.243962
-38.228549,1600,3511.655928
-40.059662,1600,3512.06734
-41.172417,1600,3512.479042
-92.206926,1600,3598.250769
-64.474923,1600,3598.681622
-74.237884,1600,3599.112357
-94.109593,1600,3599.579393
-88.543052,1600,3600.024599
-87.034281,1600,3686.366848
-27.12148,1600,3686.798522
-90.028858,1600,3687.254341
-87.476496,1600,3687.727972
-87.303856,1600,3688.18408
-52.722892,1600,3773.325595
-52.508562,1600,3773.803712
-113.975711,348,3773.897083
-62.24654,1600,3774.335104
-110.955147,175,3774.384584
-109.315308,92,3863.225799
-80.994007,1600,3863.669177
-116.788907,193,3863.723455
-79.587417,1600,3864.160259
-70.563952,1600,3864.592105
-63.587751,1600,3950.588871
-105.874502,105,3950.619881
-106.693035,107,3950.651454
-108.497477,102,3950.681972
-60.977192,1600,3951.107939
-109.992366,146,4043.847416
-95.903882,176,4043.897377
-95.629669,153,4043.940576
-85.268676,1600,4044.384096
-111.041144,117,4044.418181
-107.753858,1600,4136.119025
-105.399807,1600,4136.570958
-52.131142,1600,4137.02718
-102.507749,1600,4137.473937
-111.468537,1600,4137.927655
-89.351909,145,4225.149949
-106.829339,134,4225.192611
-92.186101,148,4225.238646
-102.080664,110,4225.271906
-105.213886,121,4225.307832
-76.805439,1600,4330.734638
-70.775302,1600,4331.210827
-67.587921,1600,4331.677474
-72.834609,1600,4332.137193
-142.766036,298,4332.239331
-128.092465,186,4419.437572
-114.666977,60,4419.455713
-113.797791,59,4419.473121
-63.038302,1600,4419.917582
-114.540303,59,4419.935263
-19.798672,1600,4502.824516
-33.410542,1600,4503.318489
-33.006365,1600,4503.774654
-32.51023,1600,4504.216526
-31.098753,1600,4504.658336
-59.121094,1600,4587.875555
-32.709358,1600,4588.371129
-118.348045,233,4588.438239
-67.69805,1600,4588.887242
-114.69363,222,4588.950403
-35.212964,1600,4672.460683
-35.569658,1600,4672.899388
-35.826419,1600,4673.354184
-39.197857,1600,4673.795143
-35.50946,1600,4674.239631
-73.790815,1600,4758.884357
-77.284527,1600,4759.335928
-51.439325,1600,4759.807851
-35.074531,1600,4760.257695
-80.126304,1600,4760.705492
-40.021332,1600,4844.700815
-64.50333,1600,4845.12198
-39.606831,1600,4845.604177
-77.351077,1600,4846.036311
-44.780534,1600,4846.523407
-71.834508,1600,4930.455652
-72.792796,1600,4930.906755
-70.599227,1600,4931.352251
-76.647892,1600,4931.802802
-89.319552,1600,4932.248086
-50.500697,1600,5016.427857
-50.661141,1600,5016.870216
-54.321013,1600,5017.313903
-59.77393,1600,5017.754663
-55.71236,1600,5018.195372
-43.408879,1600,5102.666304
-61.180631,1600,5103.119622
-48.277085,1600,5103.612324
-50.046283,1600,5104.068242
-57.120766,1600,5104.533851
-38.665903,1600,5189.55372
-35.035627,1600,5190.006519
-23.973866,1600,5190.519928
-32.010921,1600,5191.094127
-35.102236,1600,5191.581017
-22.474516,1600,5277.273068
-83.591629,1600,5277.758077
-19.813364,1600,5278.246882
-26.902478,1600,5278.738417
-19.532379,1600,5279.235811
-75.073227,1600,5373.920756
-77.218206,1600,5374.421466
-54.93507,1600,5374.923773
-72.302804,1600,5375.4163
-74.006022,1600,5375.90545
-19.95951,1600,5464.753984
-25.332994,1600,5465.229346
-21.986359,1600,5465.746748
-18.051102,1600,5466.227188
-16.147823,1600,5466.749707
-43.524473,1600,5554.021826
-119.656853,71,5554.047498
-119.021477,71,5554.071906
-119.5877,71,5554.096372
-120.891909,75,5554.121466
-62.214376,1600,5649.317997
-40.584599,1600,5649.774356
-79.613576,1600,5650.228117
-66.837374,1600,5650.70318
-50.250605,1600,5651.190672
-31.437038,1600,5736.256797
-79.252184,1600,5736.773472
-78.015582,1600,5737.269083
-121.811685,192,5737.325678
-50.651524,1600,5737.792905
-57.345634,1600,5839.786101
-38.837992,1600,5840.34279
-39.216803,1600,5840.940277
-41.322063,1600,5841.574817
-57.998296,1600,5842.084991
-42.909125,1600,5963.945836
-46.442438,1600,5964.707805
-54.558739,1600,5965.430114
-38.371957,1600,5966.016385
-52.2961,1600,5966.767474
-120.891967,185,6066.65285
-46.4357,1600,6067.151043
-40.130136,1600,6067.662587
-83.038104,1600,6068.170537
-47.649536,1600,6068.682135
-65.579315,1600,6163.992591
-61.723944,1600,6164.484912
-58.612663,1600,6164.98606
-58.9771,1600,6165.504802
-78.029017,1600,6165.994837
-52.631243,1600,6259.329907
-38.581885,1600,6259.812386
-53.168735,1600,6260.30091
-51.452774,1600,6260.808439
-52.014413,1600,6261.292953
-82.489219,1600,6355.583568
-37.434063,1600,6356.203424
-62.808909,1600,6356.716565
-40.73082,1600,6357.358779
-85.004162,1600,6357.901791
-54.352778,1600,6462.61382
-72.592314,1600,6463.134659
-42.981134,1600,6463.646932
-113.52022,68,6463.669494
-44.457212,1600,6464.158981
-35.577761,1600,6564.219359
-94.870395,1600,6564.834787
-51.135751,1600,6565.619598
-44.47334,1600,6566.196102
-89.375941,1600,6566.912106
-62.40883,1600,6677.739255
-71.794564,1600,6678.32234
-68.300234,1600,6679.274857
-55.824737,1600,6679.874345
-68.363672,1600,6680.498627
-37.111226,1600,6782.714571
-44.440021,1600,6783.245834
-46.612389,1600,6783.766966
-112.197429,1600,6784.390908
-39.866212,1600,6784.923277
-39.418025,1600,6876.62298
-134.972996,176,6876.685743
-40.933288,1600,6877.217729
-22.057043,1600,6877.764077
-49.286812,1600,6878.263409
-40.42734,1600,6972.198581
-113.943548,251,6972.276014
-42.698001,1600,6972.80539
-45.478448,1600,6973.401294
-42.863523,1600,6973.875357
-25.469183,1600,7068.374988
-21.193643,1600,7068.893319
-41.087188,1600,7069.415917
-61.921898,1600,7069.959975
-76.181116,1600,7070.462874
-83.783605,1600,7157.891004
-50.992278,1600,7158.369216
-134.38103,603,7158.548135
-126.254104,358,7158.654202
-112.415968,231,7158.723667
-24.988178,1600,7246.258837
-121.187165,300,7246.352595
-53.165909,1600,7246.859294
-115.132751,254,7246.940915
-124.521307,151,7246.989608
-80.874809,1600,7336.343897
-96.658204,1600,7336.863245
-56.404851,1600,7337.360089
-30.708561,1600,7337.854133
-87.389839,1600,7338.331937
-75.426446,1600,7426.871166
-42.066643,1600,7427.373603
-61.902782,1600,7427.888478
-62.071238,1600,7428.376838
-68.507008,1600,7428.914645
-80.160739,1600,7517.777053
-86.199547,1600,7518.261488
-85.99709,1600,7518.746006
-78.443928,1600,7519.231623
-81.765079,1600,7519.727151
-102.347524,1600,7608.693784
-36.473633,1600,7609.189316
-29.937752,1600,7609.684739
-49.918877,1600,7610.165241
-73.176314,1600,7610.636331
-33.349797,1600,7691.972039
-53.105211,1600,7692.437862
-22.890232,1600,7692.884956
-60.886407,1600,7693.34814
-24.538404,1600,7693.773339
-61.416139,1600,7774.818215
-45.603928,1600,7775.292629
-63.282023,1600,7775.749324
-127.682258,230,7775.815782
-77.843898,1600,7776.290504
-35.28874,1600,7857.535241
-125.395086,122,7857.573661
-43.592854,1600,7858.056735
-108.834104,179,7858.111633
-54.892048,1600,7858.680785
-36.592596,1600,7954.565383
-118.192097,117,7954.605504
-90.87729,1600,7955.105887
-84.617701,1600,7955.619629
-66.479754,1600,7956.146018
-55.611093,1600,8048.086755
-57.349947,1600,8048.615168
-49.25763,1600,8049.161535
-74.279462,1600,8049.689787
-137.234174,251,8049.773657
-83.097075,1600,8145.165448
-109.868082,189,8145.224103
-69.727889,1600,8145.698926
-36.731052,1600,8146.165973
-33.140127,1600,8146.648509
-50.695657,1600,8243.603224
-50.453407,1600,8244.085415
-47.7027,1600,8244.565417
-49.80466,1600,8245.045205
-50.716339,1600,8245.532065
-63.816158,1600,8340.891231
-41.020775,1600,8341.523739
-53.861701,1600,8342.033747
-51.199033,1600,8342.551592
-59.180281,1600,8343.034849
-21.853826,1600,8446.267333
-33.982646,1600,8446.846032
-22.110628,1600,8447.400121
-55.918439,1600,8447.975352
-23.857918,1600,8448.593953
-63.060979,1600,8551.610475
-51.801067,1600,8552.182834
-48.864099,1600,8552.758936
-50.397138,1600,8553.300053
-62.164617,1600,8553.843665
-42.075085,1600,8655.55504
-41.263429,1600,8656.357284
-46.554216,1600,8656.877075
-36.979342,1600,8657.399282
-34.556078,1600,8657.915473
-96.997675,1600,8752.462082
-85.828301,1600,8752.96098
-87.526799,1600,8753.453761
-87.199624,1600,8753.942364
-86.817994,1600,8754.433305
-29.507234,1600,8851.083537
-25.325793,1600,8851.584758
-28.643911,1600,8852.088118
-24.914842,1600,8852.582566
-30.387488,1600,8853.086576
-104.313621,1600,8950.958363
-115.581838,1600,8951.50228
-53.752692,1600,8952.109463
-115.679157,1600,8952.776076
-107.383574,1600,8953.431682
-40.015447,1600,9052.630593
-116.289391,1600,9053.176287
-136.957692,321,9053.278093
-41.869382,1600,9053.788028
-117.061737,1600,9054.359473
-60.540124,1600,9154.433657
-20.856554,1600,9154.961766
-40.548785,1600,9155.534739
-42.963623,1600,9156.254726
-16.032256,1600,9156.919584
-47.595956,1600,9260.159437
-91.244839,1600,9260.689597
-46.637825,1600,9261.169661
-45.925697,1600,9261.648313
-89.544731,1600,9262.132224
-36.349686,1600,9360.084314
-36.37457,1600,9360.986322
-36.94592,1600,9361.666349
-37.245757,1600,9362.33349
-46.617096,1600,9362.988158
-39.559378,1600,9467.896526
-36.339337,1600,9468.505855
-34.536483,1600,9469.132217
-34.392178,1600,9469.803522
-33.820882,1600,9470.506002
-27.441934,1600,9570.437092
-27.402702,1600,9571.301912
-27.199028,1600,9572.103602
-26.749522,1600,9572.936297
-30.924842,1600,9573.839058
-59.501227,1600,9673.491512
-38.547019,1600,9674.141435
-40.435299,1600,9674.700462
-52.205952,1600,9675.262118
-46.65462,1600,9675.808743
-97.185694,1600,9780.628035
-94.573968,1600,9781.177627
-53.122202,1600,9781.701539
-53.097589,1600,9782.221937
-30.408784,1600,9782.738971
-63.027541,1600,9886.635876
-67.530437,1600,9887.220828
-66.422595,1600,9887.795548
-64.840738,1600,9888.369033
-64.773713,1600,9888.950417
-56.723787,1600,9992.352151
-17.668422,1600,9992.913573
-22.99925,1600,9993.501117
-64.220217,1600,9994.136184
-25.209432,1600,9994.702804
-48.730135,1600,10098.990024
-51.441487,1600,10099.520435
-48.95304,1600,10100.029992
-49.49379,1600,10100.535401
-29.671814,1600,10101.067171
-58.487722,1600,10208.503921
-56.548343,1600,10209.156152
-59.148013,1600,10209.700293
-34.723441,1600,10210.25811
-33.991867,1600,10210.82176
-56.085285,1600,10311.938025
-119.414413,172,10311.994984
-52.266225,1600,10312.498282
-47.503948,1600,10312.999511
-48.002066,1600,10313.511185
-69.002874,1600,10412.552227
-64.521713,1600,10413.064833
-42.553692,1600,10413.565551
-70.766609,1600,10414.055659
-53.283816,1600,10414.550535
-113.29876,213,10517.803852
-47.312618,1600,10518.325725
-120.591155,62,10518.346602
-116.406841,69,10518.370278
-44.139677,1600,10518.889138
-49.146214,1600,10625.75108
-64.502818,1600,10626.275226
-64.841003,1600,10626.793095
-44.089053,1600,10627.365778
-50.09254,1600,10627.924486
-51.536877,1600,10728.504798
-47.227107,1600,10728.966946
-27.30512,1600,10729.432935
-51.212288,1600,10729.908298
-34.619419,1600,10730.431562
-43.300443,1600,10832.887707
-42.226943,1600,10833.419157
-40.377358,1600,10833.948688
-32.039213,1600,10834.509476
-42.861064,1600,10835.042868
-55.981382,1600,10933.044818
-103.776815,99,10933.079674
-64.606983,1600,10933.657271
-55.650149,1600,10934.190726
-36.74796,1600,10934.685724
-41.44325,1600,11039.451518
-39.836041,1600,11040.043447
-40.445391,1600,11040.606591
-40.997421,1600,11041.176894
-40.310974,1600,11041.749891
-40.548532,1600,11160.386338
-39.921861,1600,11161.270117
-41.3452,1600,11162.023704
-39.964763,1600,11162.657146
-40.529955,1600,11163.286144
-19.703032,1600,11276.365053
-38.091508,1600,11276.924142
-32.471611,1600,11277.485039
-26.17168,1600,11278.033148
-25.693829,1600,11278.583997
-23.905006,1600,11379.676338
-35.236739,1600,11380.229477
-25.825854,1600,11380.777965
-26.457098,1600,11381.299237
-13.545097,1600,11381.821055
-23.408854,1600,11477.795654
-32.265552,1600,11478.358897
-31.021482,1600,11479.119732
-28.759207,1600,11479.643468
-18.884322,1600,11480.160375
-42.484746,1600,11580.73455
-70.672506,1600,11581.222233
-66.693455,1600,11581.699149
-46.836755,1600,11582.206247
-47.340905,1600,11582.716079
-58.946235,1600,11682.529013
-42.710612,1600,11683.080215
-37.424715,1600,11683.653802
-44.232013,1600,11684.187942
-63.276095,1600,11684.736851
-28.603732,1600,11789.898097
-74.059613,1600,11790.517264
-37.954442,1600,11791.086066
-43.814508,1600,11791.637536
-44.38275,1600,11792.165696
-75.309949,1600,11894.4967
-74.739185,1600,11894.994799
-67.916923,1600,11895.489569
-67.137649,1600,11895.974995
-75.180245,1600,11896.472508
-56.742686,1600,12000.196772
-54.611864,1600,12000.860636
-56.388975,1600,12001.383808
-54.702439,1600,12001.989211
-56.294544,1600,12002.66144
-24.893738,1600,12117.74146
-45.67296,1600,12118.26979
-38.251131,1600,12118.799886
-51.860866,1600,12119.315361
-52.260865,1600,12119.838961
-44.605818,1600,12224.249918
-43.934971,1600,12224.800826
-42.205112,1600,12225.332534
-58.264368,1600,12225.90772
-39.465728,1600,12226.48623
-34.740092,1600,12331.988341
-33.919787,1600,12332.512045
-42.344684,1600,12333.017775
-40.697947,1600,12333.53
-39.045982,1600,12334.036926
-45.331847,1600,12443.18742
-45.239812,1600,12443.806043
-47.24301,1600,12444.434945
-46.898923,1600,12444.988903
-48.587201,1600,12445.520907
-37.666465,1600,12554.900183
-31.628708,1600,12555.475007
-31.144352,1600,12556.035004
-36.469605,1600,12556.650332
-37.602376,1600,12557.30454
-105.76379,69,12658.719468
-109.216839,69,12658.743812
-108.384473,92,12658.774732
-108.37354,93,12658.807014
-108.646296,80,12658.834944
-129.588819,79,12761.073848
-130.480722,79,12761.103925
-101.221174,224,12761.184972
-32.460571,1600,12761.717417
-129.653594,79,12761.745451
-117.946475,89,12867.054493
-57.541048,1600,12867.595892
-121.267299,98,12867.630639
-129.910889,150,12867.681512
-114.345692,91,12867.713678
-70.149875,1600,12971.188579
-71.550502,1600,12971.745638
-25.025073,1600,12972.264922
-70.078802,1600,12972.808449
-71.307866,1600,12973.368721
-65.92485,1600,13073.625674
-62.390537,1600,13074.113065
-61.140024,1600,13074.599532
-67.805881,1600,13075.086464
-68.637617,1600,13075.572626
-46.013025,1600,13168.09934
-85.436698,1600,13168.584886
-91.061624,1600,13169.073488
-88.049869,1600,13169.560671
-51.08781,1600,13170.029565
-39.181891,1600,13262.99015
-77.369273,1600,13263.4908
-77.523637,1600,13263.977885
-73.309221,1600,13264.44901
-96.222903,1600,13264.92243
-51.920976,1600,13358.05761
-21.676966,1600,13358.574422
-15.595472,1600,13359.090786
-56.290221,1600,13359.591089
-15.808838,1600,13360.084092
-63.352828,1600,13453.369463
-39.266321,1600,13453.86215
-44.13659,1600,13454.341934
-53.943971,1600,13454.818405
-84.546123,1600,13455.315919
-55.874163,1600,13548.639558
-91.97109,1600,13549.1548
-42.578636,1600,13549.703928
-50.330388,1600,13550.218297
-55.503576,1600,13550.713048
-61.009308,1600,13645.394053
-84.90104,1600,13645.898991
-64.784128,1600,13646.413516
-56.778425,1600,13646.939148
-57.547229,1600,13647.448926
-62.382063,1600,13738.826144
-52.432464,1600,13739.344075
-53.620314,1600,13739.844461
-53.167323,1600,13740.335724
-53.146854,1600,13740.82767
-122.172759,119,13833.005923
-70.813752,1600,13833.497824
-119.242497,79,13833.524066
-60.817691,1600,13834.043661
-53.422419,1600,13834.534579
-45.66228,1600,13924.528594
-77.368554,1600,13925.002854
-93.452939,1600,13925.522577
-76.541125,1600,13926.010205
-66.734837,1600,13926.488923
-59.376259,1600,14014.901841
-15.714286,1600,14015.404925
-61.113044,1600,14015.888265
-55.373925,1600,14016.380703
-21.224276,1600,14016.880667
-31.114873,1600,14105.135463
-30.106213,1600,14105.640198
-29.469803,1600,14106.141955
-30.332988,1600,14106.644091
-36.361446,1600,14107.141171
-127.177076,161,14195.555929
-104.817009,1600,14196.036387
-130.860797,111,14196.070936
-104.932898,1600,14196.607904
-78.989907,1600,14197.093671
-33.356163,1600,14286.446478
-34.264525,1600,14286.93452
-33.873154,1600,14287.438218
-33.056748,1600,14287.921752
-33.63013,1600,14288.436407
-30.99112,1600,14376.232951
-45.007076,1600,14376.715809
-44.5033,1600,14377.187842
-29.692518,1600,14377.678244
-29.012105,1600,14378.155505
-58.524489,1600,14466.861909
-101.657884,337,14466.967448
-41.853473,1600,14467.449253
-61.091298,1600,14467.929824
-52.741229,1600,14468.457544
-73.53489,1600,14556.949581
-80.528679,1600,14557.441671
-72.777188,1600,14557.914082
-61.717976,1600,14558.382383
-72.899456,1600,14558.932884
-24.193865,1600,14646.344039
-19.605668,1600,14646.836462
-23.84703,1600,14647.315034
-23.661155,1600,14647.792822
-21.545361,1600,14648.272881
-20.221412,1600,14736.511671
-19.735962,1600,14737.033377
-19.72699,1600,14737.58252
-20.348555,1600,14738.084331
-22.126144,1600,14738.648295
-46.666846,1600,14826.689087
-93.355558,1600,14827.174461
-86.072257,1600,14827.670062
-128.492354,161,14827.720844
-127.164613,142,14827.766109
-121.171001,99,14915.520493
-113.028098,137,14915.562156
-122.977644,131,14915.602272
-122.488691,1600,14916.116883
-122.406411,101,14916.148218
-132.820448,443,15004.579442
-159.384918,661,15004.78724
-33.370214,1600,15005.280318
-133.134192,170,15005.336313
-121.11615,110,15005.373145
-53.141608,1600,15093.224811
-78.20689,1600,15093.70505
-79.502351,1600,15094.182362
-84.070146,1600,15094.673546
-77.48105,1600,15095.157698
-61.258338,1600,15183.37693
-55.358958,1600,15183.875896
-83.949229,1600,15184.355613
-69.533364,1600,15184.840789
-71.369358,1600,15185.364212
-80.726719,1600,15273.135232
-37.334906,1600,15273.644691
-20.881829,1600,15274.143024
-34.06422,1600,15274.66268
-85.594053,1600,15275.143789
-67.625721,1600,15362.661533
-8.453387,1600,15363.178833
-7.862824,1600,15363.664835
-8.69084,1600,15364.167462
-83.198426,1600,15364.65552
-112.048842,53,15451.909354
-36.672854,1600,15452.391503
-115.075722,81,15452.417728
-47.4773,1600,15452.897665
-50.058529,1600,15453.374245
-34.691871,1600,15542.036258
-34.849741,1600,15542.512435
-33.094622,1600,15543.006305
-69.673154,1600,15543.488427
-35.473848,1600,15543.982696
-65.036692,1600,15631.857158
-57.507502,1600,15632.373241
-20.416086,1600,15632.862983
-20.202576,1600,15633.351236
-20.031841,1600,15633.839185
-18.571953,1600,15722.086642
-20.203432,1600,15722.59667
-95.152743,1600,15723.089736
-13.692468,1600,15723.578002
-16.945278,1600,15724.063222
-77.514266,1600,15812.517328
-77.98784,1600,15812.998999
-76.940012,1600,15813.474925
-77.124535,1600,15813.954249
-73.902232,1600,15814.43044
-52.512988,1600,15902.729122
-51.303475,1600,15903.211283
-54.234259,1600,15903.697433
-52.077979,1600,15904.180862
-49.001378,1600,15904.659506
-54.380182,1600,15995.120692
-52.220805,1600,15995.608431
-62.284534,1600,15996.079066
-61.766445,1600,15996.549452
-43.706261,1600,15997.041131
-39.582,1600,16085.41172
-38.979027,1600,16085.889069
-46.378901,1600,16086.397183
-38.67881,1600,16086.873389
-35.272741,1600,16087.354529
-67.33431,1600,16177.157711
-4.49362,1600,16177.70543
-67.813393,1600,16178.220732
-65.571666,1600,16178.71528
-5.440633,1600,16179.323374
-20.471309,1600,16269.407964
-104.709462,192,16269.469119
-111.368866,167,16269.526396
-102.338228,181,16269.585812
-108.137317,151,16269.635473
-40.11004,1600,16359.145738
-35.095,1600,16359.647324
-39.897897,1600,16360.129402
-11.275682,1600,16360.655981
-10.469459,1600,16361.138822
-38.069512,1600,16450.785743
-47.73182,1600,16451.29047
-34.613522,1600,16451.822433
-71.226966,1600,16452.335498
-64.830913,1600,16452.844588
-41.538196,1600,16541.657509
-51.726943,1600,16542.156337
-30.753824,1600,16542.640858
-57.190158,1600,16543.127756
-42.721196,1600,16543.612878
-43.345239,1600,16633.165269
-43.254274,1600,16633.626317
-44.97603,1600,16634.106433
-42.063522,1600,16634.593239
-40.463918,1600,16635.086233
-58.235755,1600,16724.250293
-123.850162,143,16724.297976
-121.930334,125,16724.336419
-28.88371,1600,16724.819365
-28.670108,1600,16725.309229
-50.632751,1600,16813.678037
-50.801384,1600,16814.15457
-53.049047,1600,16814.640946
-50.006623,1600,16815.125156
-50.721515,1600,16815.603289
-24.858593,1600,16904.429189
-31.398258,1600,16904.948662
-42.453759,1600,16905.500963
-24.463599,1600,16906.058138
-28.065123,1600,16906.608481
-39.198886,1600,16994.273893
-43.510312,1600,16994.767383
-66.659385,1600,16995.318566
-43.493043,1600,16995.857928
-41.727678,1600,16996.382934
-99.888213,138,17090.09299
-40.137001,1600,17090.571875
-39.205574,1600,17091.051727
-109.977433,197,17091.111977
-94.643824,1600,17091.670307
-35.322257,1600,17191.463507
-44.983286,1600,17191.99818
-38.515326,1600,17192.519239
-44.942304,1600,17193.038327
-38.139737,1600,17193.568824
-76.21093,1600,17296.106167
-78.506237,1600,17296.85638
-56.631227,1600,17297.465827
-76.359505,1600,17297.971274
-20.452978,1600,17298.499016
-42.495903,1600,17396.864879
-30.422484,1600,17397.398601
-36.006176,1600,17397.939466
-46.162455,1600,17398.526793
-13.309312,1600,17399.033195
-42.047387,1600,17498.534899
-60.711941,1600,17499.016987
-64.017046,1600,17499.554246
-59.294066,1600,17500.258508
-64.329569,1600,17500.80081
-32.052549,1600,17598.34757
-8.069691,1600,17598.818599
-31.269443,1600,17599.339086
-31.072063,1600,17599.83446
-30.962324,1600,17600.32001
-65.77806,1600,17686.01222
-71.380785,1600,17686.460758
-38.909484,1600,17686.906939
-70.214171,1600,17687.353894
-40.609966,1600,17687.782201
-151.368928,325,17773.108795
-72.793531,1600,17773.59851
-130.529636,192,17773.655475
-145.532272,265,17773.732898
-60.995494,1600,17774.196126
-24.227905,1600,17865.280988
-34.452669,1600,17865.784926
-128.292751,128,17865.825231
-33.195522,1600,17866.316141
-114.177995,422,17866.450532
22.32678,128,9080.992111
-103.321611,1600,9096.047274
-51.811472,1600,9112.088974
-43.334201,1600,9128.090616
-42.601179,1600,9143.794497
-34.335517,1600,9163.110176
-35.282719,1600,9180.254636
-46.990369,1600,9198.433408
-43.576604,1600,9215.961764
-41.642439,1600,9232.364103
-124.320394,172,9233.894652
-42.537431,1600,9248.259793
-46.923514,1600,9265.54999
-50.107653,1600,9279.754313
-75.2936,1600,9293.207106
-39.32445,1600,9307.394335
-47.683885,1600,9323.033606
-67.062324,1600,9337.92066
-42.679536,1600,9359.268629
-42.663344,1600,9380.249098
-42.916464,1600,9397.080495
-58.393105,1600,9412.352424
-54.483852,1600,9428.382879
-41.927875,1600,9444.704012
-39.825206,1600,9462.613066
-35.774137,1600,9483.021972
-54.153728,1600,9498.351101
-77.73758,1600,9513.811879
-44.30332,1600,9529.792772
-40.306618,1600,9546.076828
-44.7116,1600,9561.585551
-46.990853,1600,9582.009052
-48.021943,1600,9598.067088
-54.368806,1600,9613.562366
-44.397415,1600,9629.277537
-40.409246,1600,9646.040293
-41.357927,1600,9661.247249
-112.422798,165,9662.741878
-40.741724,1600,9681.089589
-51.537211,1600,9696.813527
-59.448276,1600,9712.693735
-46.227615,1600,9728.879719
-59.811433,1600,9747.277008
-120.39334,1600,9764.097359
-82.749456,1600,9784.041798
-36.581228,1600,9800.066228
-49.030376,1600,9816.128064
-61.783629,1600,9832.943628
-41.489908,1600,9850.523963
-47.291524,1600,9866.678249
-37.293895,1600,9883.545333
-41.144989,1600,9901.45203
-67.233655,1600,9915.996444
-34.0426,1600,9930.580142
-22.993427,1600,9947.133104
-36.121579,1600,9965.630781
-58.764747,1600,9983.337334
-56.591878,1600,10004.998671
-41.472435,1600,10022.527471
-35.609673,1600,10040.353286
-59.556479,1600,10055.759367
-48.926426,1600,10071.682178
-45.413853,1600,10088.003838
-34.43715,1600,10106.810608
-51.520257,1600,10123.879963
-46.815934,1600,10141.352871
-73.429542,1600,10160.307174
-52.291651,1600,10176.14717
-46.883206,1600,10192.379433
-42.317552,1600,10212.285262
-41.283242,1600,10227.780453
-54.518922,1600,10243.066554
-46.389688,1600,10258.597239
-47.463871,1600,10274.751504
-45.073559,1600,10292.263805
-45.169883,1600,10308.794856
-49.578718,1600,10328.072333
-79.752294,1600,10343.400471
-52.56184,1600,10358.681869
-121.641238,216,10360.793513
-56.757034,1600,10375.810278
-55.266397,1600,10392.425978
-51.830688,1600,10407.527201
-66.704756,1600,10426.15332
-66.143074,1600,10440.997263
-67.90938,1600,10456.305646
-50.473653,1600,10472.794722
-51.59522,1600,10492.137113
-47.571134,1600,10508.825666
-66.144054,1600,10527.023933
-38.875521,1600,10544.746533
-45.792986,1600,10561.96985
-48.85934,1600,10579.511599
-40.90278,1600,10596.701844
-42.096265,1600,10612.983877
-48.772683,1600,10631.444116
-36.987657,1600,10647.873692
-64.722933,1600,10663.073686
-46.11114,1600,10677.982431
-87.205146,1600,10694.205192
-53.760701,1600,10711.013372
-45.387423,1600,10727.518342
-48.984656,1600,10746.642961
-66.518985,1600,10763.368359
-62.480295,1600,10780.024468
-58.358924,1600,10795.89946
-41.508191,1600,10812.454131
-60.159589,1600,10827.426875
-40.929579,1600,10846.512589
-39.43799,1600,10862.98251
-45.269278,1600,10878.493555
-64.586248,1600,10893.436401
-63.165195,1600,10908.501664
-50.555821,1600,10923.647674
-52.705334,1600,10944.890517
-38.561227,1600,10961.286396
-57.065814,1600,10978.353165
-57.991796,1600,10994.4137
-53.172884,1600,11009.754943
-47.394589,1600,11026.610396
-48.325744,1600,11045.101514
-46.919017,1600,11061.77184
-43.48628,1600,11080.010324
-35.839154,1600,11098.651217
-20.325118,1600,11119.711454
-27.714174,1600,11138.847056
-32.562268,1600,11158.965575
-36.86969,1600,11181.402766
-28.168491,1600,11201.148798
-37.269536,1600,11217.114425
-49.228384,1600,11233.826813
-128.39223,143,11235.399759
-43.766365,1600,11253.272412
-36.756031,1600,11272.731059
-56.192576,1600,11292.647211
-30.33889,1600,11308.264375
-37.573153,1600,11324.967659
-41.096452,1600,11340.69094
-40.313237,1600,11356.484841
-37.054894,1600,11371.98793
-31.32581,1600,11389.836025
-41.727179,1600,11404.44733
-46.382293,1600,11419.182081
-57.975304,1600,11433.858846
-49.229249,1600,11449.256657
-62.723364,1600,11466.157305
-41.608045,1600,11485.048965
-36.171179,1600,11502.005813
-36.731522,1600,11517.828855
-38.32124,1600,11534.976709
-40.684739,1600,11551.475507
-48.033634,1600,11566.233152
-33.447593,1600,11583.855708
-43.633851,1600,11599.687471
-40.799377,1600,11615.451721
-48.846918,1600,11630.645974
-40.295847,1600,11646.253908
-26.444672,1600,11661.639414
-34.230763,1600,11678.468919
-61.767669,1600,11698.61955
-43.345349,1600,11714.667672
-32.370235,1600,11731.747746
-46.918016,1600,11747.978412
-67.376649,1600,11764.783839
-48.853822,1600,11782.255583
-44.558735,1600,11801.422399
-46.520394,1600,11818.084642
-62.329803,1600,11834.303997
-61.081545,1600,11849.960788
-89.128527,1600,11867.633498
-74.377378,1600,11883.276476
-71.60051,1600,11901.766517
-62.270197,1600,11919.853042
-53.857368,1600,11935.505209
-60.581552,1600,11951.043163
-65.146303,1600,11966.825495
-74.724194,1600,11984.049031
-62.003864,1600,12003.813965
-52.172935,1600,12023.313031
-64.498582,1600,12040.360815
-68.452464,1600,12058.884371
-54.638845,1600,12078.371285
-128.486591,124,12079.922779
-48.676258,1600,12098.240016
-47.627656,1600,12115.247971
-38.062996,1600,12133.79533
-36.087,1600,12149.906599
-33.213312,1600,12165.774939
-31.47008,1600,12181.52447
-38.435266,1600,12198.504951
-52.01657,1600,12216.473625
-35.964458,1600,12237.245627
-32.356553,1600,12255.024451
-34.674762,1600,12272.006453
-39.262482,1600,12288.261042
-40.246517,1600,12304.869171
-34.769196,1600,12321.110294
-39.364484,1600,12340.450466
-41.459927,1600,12357.901093
-47.011324,1600,12375.860714
-54.738652,1600,12392.257258
-67.858178,1600,12409.435572
-63.107575,1600,12427.470125
-55.535338,1600,12448.059978
-59.217259,1600,12464.883343
-175.273846,1128,12477.398707
-42.049789,1600,12495.620547
-39.734517,1600,12513.299956
-30.130104,1600,12530.953675
-32.12312,1600,12547.788234
-96.845054,1600,12567.365822
-44.651207,1600,12583.422208
-42.492353,1600,12599.435754
-48.81651,1600,12615.255
-51.607176,1600,12630.732969
-45.67347,1600,12648.018164
-43.031938,1600,12664.640117
-54.094356,1600,12681.964874
-51.693412,1600,12698.046427
-48.434478,1600,12713.939572
-121.140321,152,12715.454849
-109.793502,86,12716.27632
-112.516964,106,12717.301785
-125.777709,271,12720.104265
-109.964093,240,12722.433839
-162.566144,549,12727.915849
-107.916376,137,12729.592551
-124.525622,391,12734.077284
-122.409008,130,12735.634351
-58.82259,1600,12750.737162
-119.862605,207,12752.683408
-120.631577,302,12755.601411
-113.367255,106,12756.717685
-116.884588,101,12757.80407
-127.907148,1600,12774.988034
-105.405087,334,12778.363443
-123.9978,250,12781.560626
-84.481737,1600,12798.446649
-103.689136,173,12800.112538
-98.148585,690,12807.44901
-112.305076,82,12808.41169
-60.782881,1600,12824.507243
-118.088133,204,12826.767515
-82.332844,1600,12842.264503
-120.334662,1233,12856.315215
-69.060168,1600,12875.495009
-133.827011,1367,12890.178075
-114.696807,81,12890.976881
-58.087886,1600,12906.241757
-115.38728,1600,12921.506782
-38.873437,1600,12938.257372
-54.078845,1600,12955.144223
-33.838394,1600,12974.745262
-67.636741,1600,12990.986525
-52.294274,1600,13007.56875
-50.221205,1600,13024.17278
-148.666724,1543,13039.846249
-54.850837,1600,13054.928388
-54.010658,1600,13070.137442
-131.890631,117,13071.222923
-45.925892,1600,13088.591355
-147.580466,316,13091.458681
-67.026112,1600,13105.784449
-143.949689,372,13109.252012
-141.323484,306,13112.072112
-140.302048,326,13115.071816
-117.666982,154,13116.468216
-116.124004,68,13117.082313
-125.517907,272,13119.701394
-162.814805,1105,13129.78307
-64.431295,1600,13144.308241
-95.170778,1600,13159.485626
-82.480327,1600,13176.394375
-158.597996,1041,13186.134212
-75.061694,1600,13200.861655
-109.179273,91,13201.696119
-110.000324,141,13203.029348
-124.777511,481,13207.448445
-109.095428,147,13208.866258
-131.013459,281,13211.478276
-143.515763,358,13214.783143
-133.2986,670,13220.960835
-171.240532,1191,13232.0859
-119.184534,548,13237.205672
-127.538065,943,13246.035694
-107.882058,264,13248.458439
-112.87416,214,13250.259804
-43.733747,1600,13267.589234
-67.460461,1600,13282.397044
-38.991272,1600,13297.382347
-112.1535,361,13300.756574
-36.781807,1600,13315.605815
-34.402931,1600,13330.130934
-42.562891,1600,13344.956758
-38.487802,1600,13362.488586
-56.712513,1600,13377.26831
-42.494439,1600,13392.098857
-63.090227,1600,13406.580757
-65.568553,1600,13421.434782
-50.543936,1600,13436.529708
-44.093068,1600,13451.470474
-39.744765,1600,13468.779089
-47.314793,1600,13483.678816
-44.364441,1600,13498.164378
-120.265332,1600,13513.003463
-48.546531,1600,13528.006517
-117.615461,1600,13542.968695
-71.788085,1600,13560.587703
-64.999232,1600,13575.46421
-103.33195,142,13576.821295
-62.185851,1600,13592.032812
-81.847992,1600,13607.156609
-69.206095,1600,13622.448699
-73.387812,1600,13637.520717
-55.21972,1600,13654.871838
-54.06463,1600,13669.287265
-65.139245,1600,13683.382995
-80.269254,1600,13697.467499
-40.954271,1600,13712.65295
-69.680028,1600,13727.654662
-65.091557,1600,13744.333123
-55.277904,1600,13758.933406
-52.391349,1600,13773.373466
-136.690016,164,13775.144179
-53.534362,1600,13790.593882
-44.79895,1600,13805.715944
-123.19534,92,13806.592621
-126.249589,120,13807.682828
-31.239339,1600,13821.939039
-107.985244,114,13822.966245
-32.801985,1600,13838.867417
-64.280385,1600,13853.00505
-49.042285,1600,13867.024216
-37.962202,1600,13882.484358
-49.735562,1600,13896.887684
-19.526589,1600,13910.811975
-73.856396,1600,13927.179641
-89.9439,1600,13941.152031
-23.446743,1600,13954.984219
-49.635947,1600,13969.020076
-51.360242,1600,13983.127508
-21.205224,1600,13997.218246
-25.387312,1600,14011.448945
-22.787684,1600,14028.427448
-52.94549,1600,14042.411759
-47.361809,1600,14056.515085
-40.59969,1600,14070.718138
-42.232707,1600,14084.492577
-55.55605,1600,14098.401499
-42.995793,1600,14114.944402
-37.292292,1600,14128.763341
-59.477433,1600,14142.9079
-99.137241,1600,14157.070301
-121.235046,350,14160.141138
-143.110463,161,14161.534609
-123.198555,95,14162.226392
-130.44363,251,14164.720951
-149.801012,218,14166.666252
-125.584942,140,14167.904216
-116.676658,66,14168.565491
-138.755146,140,14169.813485
-43.080463,1600,14184.035343
-37.668823,1600,14199.853657
-120.614986,172,14201.367482
-74.53741,1600,14215.38077
-33.102465,1600,14229.330056
-79.381948,1600,14243.387242
-67.856764,1600,14258.11265
-115.09409,67,14258.793232
-122.571723,101,14259.680354
-120.79893,102,14260.563192
-175.49609,1152,14270.838352
-107.752589,141,14272.154545
-125.659898,133,14273.336276
-124.094727,93,14274.146682
-51.576753,1600,14290.756035
-123.235891,80,14291.45049
-48.963763,1600,14305.45359
-42.397985,1600,14319.463524
-58.623045,1600,14333.424855
-42.623606,1600,14347.097771
-49.619988,1600,14361.275395
-37.546333,1600,14375.245209
-48.107723,1600,14391.811115
-51.087558,1600,14405.774699
-49.98723,1600,14420.044939
-119.030303,1416,14432.476137
-34.355834,1600,14446.748683
-55.188706,1600,14460.774996
-53.996986,1600,14476.860568
-63.858786,1600,14490.88414
-77.649161,1600,14505.161548
-77.273562,1600,14519.465266
-91.164273,1600,14533.442657
-64.970106,1600,14547.380488
-62.061623,1600,14563.776809
-53.700431,1600,14577.634216
-45.620503,1600,14591.598615
-120.766349,248,14593.476101
-36.965724,1600,14607.528253
-35.205919,1600,14621.555745
-34.79966,1600,14635.500509
-21.546504,1600,14651.902713
-32.64669,1600,14665.917279
-63.103614,1600,14679.688251
-38.937326,1600,14693.617284
-28.159186,1600,14707.626975
-21.145199,1600,14721.949598
-21.164335,1600,14738.700938
-19.983233,1600,14752.856299
-21.742313,1600,14766.552796
-27.461107,1600,14780.673693
-40.597499,1600,14794.676531
-28.114268,1600,14808.771856
-15.196525,1600,14822.725384
-75.439994,1600,14838.326505
-46.831548,1600,14852.110575
-48.477116,1600,14866.227849
-46.829105,1600,14880.325404
-124.438364,105,14881.260484
-20.500409,1600,14895.470284
-32.586975,1600,14909.373879
-124.057299,120,14910.485448
-114.425253,90,14911.27709
-121.094428,83,14912.008008
-121.591665,89,14912.792474
-125.721152,134,14913.953066
-124.485889,110,14914.927353
-39.379805,1600,14929.824084
-36.995769,1600,14943.763018
-102.567418,1600,14957.980552
-122.709889,300,14960.654861
-106.150951,1600,14974.830759
-85.798368,1600,14989.007567
-117.775488,73,14989.648097
-148.573332,780,14996.475264
-122.537608,137,14997.650724
-163.840076,1375,15010.750037
-122.06002,116,15011.76958
-121.06248,123,15012.842657
-57.334834,1600,15026.756545
-116.394324,94,15027.588481
-119.602046,114,15028.580827
-120.125119,120,15029.656905
-115.143317,119,15030.787924
-130.791901,187,15032.425745
-44.019521,1600,15046.620879
-42.177185,1600,15060.576785
-68.411408,1600,15074.439166
-68.201087,1600,15088.126764
-26.429207,1600,15104.580905
-126.470675,174,15105.890559
-10.654118,1600,15119.924537
-66.875374,1600,15134.392
-107.491513,1600,15148.358482
-33.471224,1600,15162.537007
-55.85732,1600,15176.394719
-91.759819,1600,15192.615261
-83.945468,1600,15206.417402
-82.512879,1600,15220.675107
-53.650598,1600,15234.583366
-53.332733,1600,15248.466158
-27.314366,1600,15262.531301
-22.296894,1600,15278.957397
-22.917714,1600,15292.887962
-68.834508,1600,15306.713252
-64.874543,1600,15320.654428
-34.601362,1600,15334.641628
-65.976289,1600,15348.868457
-62.471349,1600,15365.073123
-47.639435,1600,15379.05902
-46.929542,1600,15393.121782
-123.646731,88,15393.892714
-130.025875,119,15394.913512
-115.704936,53,15395.371598
-115.637788,53,15395.851389
-115.883318,68,15396.445493
-114.16957,43,15396.841081
-40.055238,1600,15410.942054
-44.783191,1600,15424.967313
-42.473309,1600,15438.814645
-47.056537,1600,15454.017909
-39.300668,1600,15468.243809
-39.728915,1600,15482.294048
-42.965296,1600,15496.455336
-52.935957,1600,15510.457252
-52.625024,1600,15524.606729
-46.181199,1600,15538.728982
-76.444458,1600,15555.261752
-64.500471,1600,15569.245599
-57.634372,1600,15583.287161
-48.889571,1600,15597.276512
-43.03415,1600,15611.271974
-41.326088,1600,15625.004167
-30.547196,1600,15641.626901
-23.739082,1600,15655.666742
-40.817698,1600,15669.67252
-44.428562,1600,15683.57078
-44.374886,1600,15697.572756
-66.51509,1600,15711.746215
-39.795962,1600,15728.25514
-30.814397,1600,15742.398571
-32.348124,1600,15756.36441
-23.386627,1600,15770.542004
-28.232099,1600,15784.371552
-19.85211,1600,15798.443445
-79.090097,1600,15815.060735
-82.814832,1600,15829.152369
-58.835664,1600,15843.097854
-44.801559,1600,15857.229757
-55.882033,1600,15871.166876
-52.191458,1600,15885.360471
-45.439114,1600,15899.380197
-37.440814,1600,15915.94831
-35.149097,1600,15930.138248
-38.999242,1600,15944.905567
-22.677388,1600,15959.121388
-27.27591,1600,15973.808579
-124.233933,177,15975.412396
-44.413204,1600,15989.784786
-39.554112,1600,16006.393314
-36.320902,1600,16020.368138
-37.570704,1600,16034.380604
-15.31362,1600,16048.164695
-21.359856,1600,16062.404694
-27.355804,1600,16076.494086
-30.924713,1600,16093.244271
-31.315524,1600,16107.449277
-16.445433,1600,16121.454275
-18.021243,1600,16135.678077
-41.842704,1600,16150.365526
-22.39275,1600,16164.564456
-22.464564,1600,16181.580787
-23.487492,1600,16195.755066
-20.428629,1600,16209.75248
-8.389753,1600,16224.107766
-26.169874,1600,16238.768811
-23.473477,1600,16253.227558
-122.192144,95,16254.072036
-21.250268,1600,16268.389028
-15.796187,1600,16283.281423
-9.71842,1600,16297.468489
-31.680071,1600,16311.834158
-18.268571,1600,16326.029867
-35.058312,1600,16340.268479
-119.667107,757,16346.992172
-129.221384,1388,16361.934974
-27.928557,1600,16376.091991
-12.114361,1600,16390.072177
-30.468868,1600,16404.396276
-24.925627,1600,16418.747803
-122.341342,83,16419.547962
-20.875468,1600,16433.91438
-22.210764,1600,16448.213044
-41.31376,1600,16464.75327
-45.653878,1600,16478.881543
-30.015991,1600,16493.009545
-31.72128,1600,16507.096304
-29.4252,1600,16521.286748
-30.815206,1600,16535.500902
-25.420992,1600,16552.046964
-64.03221,1600,16566.48295
-66.34108,1600,16580.923724
-60.298869,1600,16595.130922
-130.949122,118,16596.174064
-128.322116,104,16597.085861
-127.530866,129,16598.222958
-131.524775,123,16599.365178
-103.285854,127,16600.526194
-130.344742,107,16601.472355
-52.038216,1600,16615.748263
-39.595528,1600,16629.950711
-47.622457,1600,16646.420551
-42.437248,1600,16660.80899
-48.963943,1600,16675.126908
-65.106337,1600,16689.402703
-113.884185,68,16690.002057
-126.940537,134,16691.183999
-119.815378,73,16691.819859
-113.432611,57,16692.325021
-120.360677,64,16692.895814
-122.990307,80,16693.640693
-112.833006,59,16694.174221
-113.010782,61,16694.788693
-110.731182,60,16695.322641
-110.500565,56,16695.810626
-117.952943,84,16696.544152
-73.836611,1600,16710.570134
-74.934514,1600,16725.990683
-112.79972,79,16726.67752
-62.977203,1600,16740.588791
-60.062442,1600,16754.62968
-57.350367,1600,16768.84166
-108.374194,1600,16783.106604
-69.363401,1600,16797.131245
-73.119664,1600,16811.072644
-77.449672,1600,16827.465793
-129.876451,1600,16841.497102
-82.281928,1600,16855.422347
-47.486037,1600,16869.729162
-49.127934,1600,16883.983655
-48.36572,1600,16898.065136
-41.685289,1600,16915.074272
-37.511052,1600,16929.221058
-40.128011,1600,16943.079607
-27.324594,1600,16957.014551
-30.191339,1600,16970.624607
-31.91013,1600,16984.3901
-60.135035,1600,17001.724658
-56.797257,1600,17016.47178
-57.777814,1600,17032.878836
-56.281236,1600,17048.212775
-60.717355,1600,17062.78207
-132.946796,177,17064.345644
-67.323963,1600,17078.638147
-143.893407,928,17087.1257
-114.36565,424,17092.405656
-90.451485,1600,17106.791718
-144.48995,1057,17118.304285
-116.631253,80,17119.040409
-127.073233,645,17125.08027
-77.989949,1600,17140.592735
-126.449905,94,17141.475977
-126.537997,114,17142.54029
-122.452889,107,17143.528419
-49.492069,1600,17160.645632
-54.659956,1600,17177.031502
-44.292031,1600,17195.317933
-27.6033,1600,17212.696802
-41.124785,1600,17230.175613
-25.26668,1600,17245.322431
-22.639596,1600,17261.584646
-23.142649,1600,17276.514982
-14.9566,1600,17293.381817
-24.860504,1600,17312.507731
-40.015167,1600,17327.736639
-37.428299,1600,17343.304409
-39.765467,1600,17358.287244
-16.097627,1600,17374.080629
-21.156242,1600,17390.163988
-34.662283,1600,17408.907515
-23.755214,1600,17425.356448
-21.285797,1600,17443.052668
-17.131741,1600,17458.410828
-14.916821,1600,17473.89111
-22.44771,1600,17488.585654
-4.492963,1600,17506.381633
-13.034607,1600,17521.608965
-5.892885,1600,17538.325971
-53.597353,1600,17554.316594
-23.121819,1600,17568.764377
-12.793773,1600,17585.170735
-21.119442,1600,17601.926892
-25.258805,1600,17615.396724
-13.687064,1600,17629.103297
-8.969886,1600,17642.781924
-12.796021,1600,17656.382781
-18.391711,1600,17669.897702
-11.468142,1600,17683.651274
-42.230196,1600,17699.304759
-36.511322,1600,17712.950191
-115.786606,216,17714.772907
-27.097643,1600,17728.377544
-126.16488,137,17729.555171
-21.04366,1600,17743.379503
-131.841025,128,17744.464112
-130.471027,100,17745.313012
-124.18487,79,17745.983804
-123.006665,73,17746.621899
-124.121977,78,17747.293106
-128.635722,88,17748.043471
-120.796348,77,17748.697191
-126.803881,80,17749.390206
-133.932241,437,17753.155597
-18.719692,1600,17766.948378
-128.150116,188,17768.326593
-96.017712,1600,17783.236824
-136.671193,370,17786.388197
-146.075959,257,17788.547938
-133.414749,176,17790.038093
-137.229855,156,17791.417622
-127.355435,124,17792.476145
-29.600572,1600,17806.206847
-133.453833,192,17807.882824
-43.920179,1600,17821.871968
-126.064865,106,17822.777219
-59.91058,1600,17839.41838
-63.402063,1600,17853.934897
-73.088199,1600,17870.414394
-32.499258,1600,17885.089273
-29.426594,1600,17899.621987
-55.644606,1600,17915.59136
-130.331681,881,17924.056651
-25.848587,1600,17938.389927
-28.315754,1600,17952.997605
